point_id,lon,lat,elevation_m,distance_m,distance_km,heading_deg,slope,slope_deg
0,25.898103099999997,44.63448249999999,0.0,0.0,0.0,323.09024786763854,0.0,0.0
1,25.898086915329994,44.634497833849075,0.0,3.0000000002000244,0.0030000000002000245,323.09024786106846,0.0,0.0
2,25.89807073065999,44.6345131676941,0.0,6.000000000120393,0.0060000000001203925,323.0902478550985,0.0,0.0
3,25.898054545989986,44.63452850153508,0.0,9.000000000320417,0.009000000000320417,323.0902478710556,0.0,0.0
4,25.898038361319987,44.634543835372,0.0,12.000000000240785,0.012000000000240785,323.09024784285856,0.0,0.0
5,25.89802217664998,44.63455916920487,0.0,14.99999999969614,0.01499999999969614,343.9257308064939,0.0,0.0
6,25.898014911516384,44.634577110928255,0.0,17.920910291974444,0.017920910291974443,352.236619285732,0.0,0.0
7,25.898011271120115,44.63459611244664,0.0,20.920910292835693,0.020920910292835694,352.2366192885456,0.0,0.0
8,25.898007630723843,44.6346151139588,0.0,23.920910292837057,0.023920910292837057,352.23661929449037,0.0,0.0
9,25.898003990327577,44.634634115464735,0.0,26.920910292775517,0.02692091029277552,352.2366192877549,0.0,0.0
10,25.898000349931305,44.63465311696445,0.0,29.92091029277688,0.02992091029277688,352.2366192908505,0.0,0.0
11,25.897996709535036,44.63467211845794,0.0,32.92091029271534,0.03292091029271534,12.28692417529902,0.0,0.0
12,25.898002375017768,44.63469062916568,0.0,35.88452219154276,0.035884522191542756,16.240570700248384,0.0,0.0
13,25.89800991200132,44.63470904116713,0.0,38.884522191617535,0.03888452219161753,16.240570698687748,0.0,0.0
14,25.89801744898487,44.63472745316272,0.0,41.88452219156208,0.04188452219156208,16.2405707124654,0.0,0.0
15,25.898024985968423,44.63474586515247,0.0,44.884522191636854,0.044884522191636855,16.240570710601048,0.0,0.0
16,25.89803252295198,44.63476427713638,0.0,47.88452219171163,0.04788452219171163,16.240570702244554,0.0,0.0
17,25.89804005993553,44.634782689114445,0.0,50.884522191656174,0.05088452219165617,21.02304825124702,0.0,0.0
18,25.898049600356554,44.6348003537125,0.0,53.844951405347615,0.05384495140534761,39.08969827174536,0.0,0.0
19,25.89806659296965,44.634815238296056,0.0,56.84495140558053,0.05684495140558053,39.08969827033013,0.0,0.0
20,25.898083585582736,44.6348301228758,0.0,59.84495140479697,0.059844951404796974,39.08969825544489,0.0,0.0
21,25.89810057819583,44.63484500745174,0.0,62.84495140502989,0.0628449514050299,39.089698260021294,0.0,0.0
22,25.898117570808918,44.63485989202385,0.0,65.84495140496918,0.06584495140496918,39.08969826162439,0.0,0.0
23,25.898134563422015,44.63487477659214,0.0,68.8449514052021,0.0688449514052021,60.897028145136915,0.0,0.0
24,25.898157572508172,44.634883890924726,0.0,71.77641733896458,0.07177641733896457,67.76201299374145,0.0,0.0
25,25.898182517464125,44.63489114861721,0.0,74.77641733889716,0.07477641733889716,67.76201300791467,0.0,0.0
26,25.89820746242008,44.63489840630877,0.0,77.77641733882975,0.07777641733882974,68.76427324282758,0.0,0.0
27,25.898232474238217,44.63490532260725,0.0,80.76355206883318,0.08076355206883318,96.3698300434259,0.0,0.0
28,25.89825925732315,44.63490319497915,0.0,83.76355206897595,0.08376355206897595,96.36983004070709,0.0,0.0
29,25.898286040408077,44.63490106735098,0.0,86.76355206875928,0.08676355206875928,96.36983007126258,0.0,0.0
30,25.89831282349301,44.634898939722724,0.0,89.76355206890206,0.08976355206890206,96.3698300402121,0.0,0.0
31,25.898339606577938,44.6348968120944,0.0,92.76355206858206,0.09276355206858206,98.49091202173241,0.0,0.0
32,25.89836620341311,44.6348939866114,0.0,95.75710978952648,0.09575710978952648,105.13699471166944,0.0,0.0
33,25.89839221783822,44.634888978910375,0.0,98.75710978947329,0.09875710978947329,105.13699471852527,0.0,0.0
34,25.898418232263335,44.634883971208914,0.0,101.7571097898696,0.1017571097898696,105.13699472327124,0.0,0.0
35,25.89844424668844,44.63487896350702,0.0,104.75710978981641,0.10475710978981641,105.13699475023856,0.0,0.0
36,25.89847026111355,44.63487395580469,0.0,107.75710978976322,0.10775710978976322,105.13699470735446,0.0,0.0
37,25.898496275538662,44.63486894810194,0.0,110.75710978971003,0.11075710978971003,105.13699474526038,0.0,0.0
38,25.89852228996377,44.634863940398745,0.0,113.75710978965684,0.11375710978965684,105.13699474294333,0.0,0.0
39,25.898548304388882,44.634858932695124,0.0,116.75710978960365,0.11675710978960364,105.13699473110938,0.0,0.0
40,25.89857431881399,44.63485392499107,0.0,119.75710978955046,0.11975710978955045,105.13699472879239,0.0,0.0
41,25.8986003332391,44.63484891728658,0.0,122.75710978949726,0.12275710978949726,103.17382464922065,0.0,0.0
42,25.898626428289397,44.63484457086395,0.0,125.74051142531074,0.12574051142531073,84.7801077304689,0.0,0.0
43,25.89865326598548,44.63484631557089,0.0,128.74051142548234,0.12874051142548235,84.78010772519383,0.0,0.0
44,25.89868010368156,44.634848060277776,0.0,131.74051142527492,0.13174051142527493,84.78010772114914,0.0,0.0
45,25.898706941377643,44.63484980498462,0.0,134.7405114254465,0.1347405114254465,84.78010774303311,0.0,0.0
46,25.89873377907372,44.634851549691405,0.0,137.74051142523908,0.13774051142523908,84.78010775914515,0.0,0.0
47,25.898760616769803,44.63485329439813,0.0,140.74051142541066,0.14074051142541066,76.66323641453221,0.0,0.0
48,25.89878603311322,44.634857582056085,0.0,143.64826474629461,0.1436482647462946,51.84051161896332,0.0,0.0
49,25.898807223311557,44.63486943073607,0.0,146.64826474614844,0.14664826474614845,51.84051165571992,0.0,0.0
50,25.898828413509897,44.63488127941363,0.0,149.64826474621154,0.14964826474621154,51.84051159775288,0.0,0.0
51,25.898849603708232,44.634893128088784,0.0,152.64826474627463,0.15264826474627463,51.84051162285971,0.0,0.0
52,25.898870793906568,44.63490497676151,0.0,155.64826474633773,0.15564826474633772,51.84051164467263,0.0,0.0
53,25.898891984104903,44.63491682543181,0.0,158.6482647458254,0.1586482647458254,51.84051162912647,0.0,0.0
54,25.898913174303246,44.6349286740997,0.0,161.64826474625465,0.16164826474625466,51.84051162016806,0.0,0.0
55,25.89893436450158,44.63494052276517,0.0,164.64826474631775,0.16464826474631775,51.84051162285937,0.0,0.0
56,25.89895555469992,44.63495237142822,0.0,167.64826474638085,0.16764826474638084,16.800868835419692,0.0,0.0
57,25.89896327868568,44.634970575278835,0.0,170.62297843807403,0.17062297843807403,15.264664874644211,0.0,0.0
58,25.898970373890222,44.63498907586811,0.0,173.62297843854458,0.17362297843854457,15.264664890083111,0.0,0.0
59,25.898977469094767,44.635007576451486,0.0,176.62297843811666,0.17662297843811667,15.264664877464213,0.0,0.0
60,25.898984564299308,44.63502607702896,0.0,179.6229784385872,0.1796229784385872,15.264664873870515,0.0,0.0
61,25.89899165950385,44.63504457760054,0.0,182.6229784381593,0.1826229784381593,15.264664882785894,0.0,0.0
62,25.89899875470839,44.63506307816622,0.0,185.62297843862984,0.18562297843862985,321.16244723573976,0.0,0.0
63,25.898982427113047,44.63507750947485,0.0,188.52129997511835,0.18852129997511835,317.2955276080078,0.0,0.0
64,25.898964149529004,44.63509160200775,0.0,191.52129997510482,0.19152129997510484,317.295527569471,0.0,0.0
65,25.898945871944957,44.63510569453722,0.0,194.5212999750913,0.1945212999750913,317.29552760182725,0.0,0.0
66,25.89892759436091,44.635119787063275,0.0,197.52129997507777,0.19752129997507778,306.0831412241138,0.0,0.0
67,25.898907240953708,44.63513034200538,0.0,200.32485583901075,0.20032485583901075,268.0312510125151,0.0,0.0
68,25.898880307403232,44.63512968318426,0.0,203.3248558390765,0.2033248558390765,268.03125098689935,0.0,0.0
69,25.89885337385276,44.63512902436314,0.0,206.32485583911026,0.20632485583911025,268.03125098120677,0.0,0.0
70,25.898826440302283,44.635128365541995,0.0,209.324855839176,0.20932485583917598,268.0312510225345,0.0,0.0
71,25.898799506751807,44.63512770672086,0.0,212.32485583920976,0.21232485583920976,268.03125101637727,0.0,0.0
72,25.89877257320133,44.63512704789971,0.0,215.3248558392755,0.2153248558392755,268.0312510099878,0.0,0.0
73,25.89874563965086,44.63512638907856,0.0,218.32485583930927,0.21832485583930927,268.0312509945659,0.0,0.0
74,25.898718706100382,44.635125730257386,0.0,221.324855839375,0.221324855839375,268.0312510263966,0.0,0.0
75,25.898691772549906,44.63512507143622,0.0,224.32485583940877,0.22432485583940878,268.03125097228985,0.0,0.0
76,25.898664838999437,44.63512441261503,0.0,227.32485583900913,0.22732485583900913,268.0312510328439,0.0,0.0
77,25.898637905448965,44.63512375379385,0.0,230.3248558390429,0.23032485583904289,268.03125101742205,0.0,0.0
78,25.89861097189849,44.63512309497266,0.0,233.32485583907666,0.23332485583907667,268.0312509827738,0.0,0.0
79,25.898584038348012,44.63512243615145,0.0,236.3248558391424,0.2363248558391424,268.0312510238693,0.0,0.0
80,25.89855710479754,44.63512177733025,0.0,239.32485583917617,0.23932485583917618,268.0312509989504,0.0,0.0
81,25.898530171247064,44.635121118509026,0.0,242.3248558392419,0.2423248558392419,268.0312510208196,0.0,0.0
82,25.89850323769659,44.635120459687805,0.0,245.32485583927567,0.24532485583927566,268.031250996133,0.0,0.0
83,25.898476304146115,44.63511980086657,0.0,248.3248558393414,0.2483248558393414,268.0312509994728,0.0,0.0
84,25.89844937059564,44.63511914204533,0.0,251.32485583937518,0.2513248558393752,268.03125101230955,0.0,0.0
85,25.898422437045163,44.63511848322408,0.0,254.32485583944091,0.2543248558394409,268.03125100568775,0.0,0.0
86,25.898395503494694,44.635117824402826,0.0,257.3248558390093,0.25732485583900927,268.0312509999951,0.0,0.0
87,25.898368569944218,44.63511716558156,0.0,260.32485583907504,0.26032485583907505,268.0312510031026,0.0,0.0
88,25.898341636393745,44.63511650676029,0.0,263.3248558391088,0.2633248558391088,268.0312509876807,0.0,0.0
89,25.89831470284327,44.63511584793901,0.0,266.3248558391746,0.2663248558391746,268.03125101001444,0.0,0.0
90,25.898287769292793,44.635115189117734,0.0,269.32485583920834,0.26932485583920834,268.03125100362496,0.0,0.0
91,25.89826083574232,44.63511453029644,0.0,272.3248558392741,0.2723248558392741,268.03125099770006,0.0,0.0
92,25.898233902191844,44.63511387147514,0.0,275.3248558393079,0.2753248558393079,268.03125101007225,0.0,0.0
93,25.89820696864137,44.635113212653835,0.0,278.32485583937364,0.27832485583937366,268.03125100437967,0.0,0.0
94,25.898180035090896,44.63511255383252,0.0,281.3248558394074,0.2813248558394074,268.0312509789961,0.0,0.0
95,25.898153101540423,44.63511189501119,0.0,284.3248558390078,0.2843248558390078,268.03125103005317,0.0,0.0
96,25.898126167989947,44.63511123618987,0.0,287.32485583904156,0.28732485583904155,268.03125099517274,0.0,0.0
97,25.898099234439474,44.63511057736853,0.0,290.32485583910733,0.29032485583910733,268.0312510272357,0.0,0.0
98,25.898072300888998,44.63510991854719,0.0,293.3248558391411,0.2933248558391411,268.03125101134924,0.0,0.0
99,25.898045367338526,44.63510925972584,0.0,296.32485583920686,0.29632485583920687,268.03125100542434,0.0,0.0
100,25.89801843378805,44.63510860090448,0.0,299.3248558392406,0.2993248558392406,268.0312509897702,0.0,0.0
101,25.897991500237573,44.63510794208311,0.0,302.3248558393064,0.3023248558393064,268.03125102136863,0.0,0.0
102,25.8979645666871,44.63510728326174,0.0,305.32485583934016,0.30532485583934016,268.03125100594673,0.0,0.0
103,25.897937633136625,44.635106624440354,0.0,308.3248558394059,0.30832485583940594,268.03125098056324,0.0,0.0
104,25.897910699586152,44.63510596561896,0.0,311.3248558394397,0.3113248558394397,268.0312509931677,0.0,0.0
105,25.89788376603568,44.63510530679756,0.0,314.3248558390401,0.3143248558390401,261.25626474164284,0.0,0.0
106,25.897857165745336,44.63510239551476,0.0,317.3208052001169,0.3173208052001169,259.94847732665045,0.0,0.0
107,25.897830629929334,44.63509904845818,0.0,320.32080520016035,0.3203208052001604,259.9484773132798,0.0,0.0
108,25.897804094113333,44.63509570140141,0.0,323.32080520004126,0.32332080520004125,259.9484773385162,0.0,0.0
109,25.89777755829733,44.63509235434445,0.0,326.3208052000847,0.3263208052000847,249.0780237968435,0.0,0.0
110,25.897753689861457,44.63508586105693,0.0,329.1653769890112,0.32916537698901116,217.84701626069773,0.0,0.0
111,25.89773715488214,44.63507071780225,0.0,332.1653769887231,0.3321653769887231,217.8470162745193,0.0,0.0
112,25.897720619902817,44.63505557454362,0.0,335.165376988435,0.335165376988435,213.05719420431362,0.0,0.0
113,25.89770607627049,44.635039672949134,0.0,338.13340880507474,0.33813340880507475,198.4602523023881,0.0,0.0
114,25.897697542814686,44.63502148259302,0.0,341.13340880467814,0.34113340880467813,198.46025231411883,0.0,0.0
115,25.897689009358878,44.6350032922312,0.0,344.13340880516495,0.34413340880516496,198.46025229758044,0.0,0.0
116,25.897680475903076,44.63498510186368,0.0,347.1334088046209,0.3471334088046209,197.35585866595505,0.0,0.0
117,25.897672458487246,44.63496684736466,0.0,350.125290118259,0.350125290118259,181.35093174218377,0.0,0.0
118,25.897671823126316,44.63494767552726,0.0,353.12529011838626,0.3531252901183863,181.35093176278733,0.0,0.0
119,25.89767118776538,44.63492850368352,0.0,356.12529011851353,0.3561252901185135,181.35093174170999,0.0,0.0
120,25.89767055240445,44.63490933183345,0.0,359.12529011862983,0.3591252901186298,181.35093174856925,0.0,0.0
121,25.897669917043515,44.63489015997704,0.0,362.1252901187571,0.3621252901187571,181.35093174956455,0.0,0.0
122,25.89766928168258,44.63487098811431,0.0,365.1252901188844,0.3651252901188844,181.35093175552768,0.0,0.0
123,25.897668646321648,44.63485181624524,0.0,368.1252901180806,0.3681252901180806,181.35093175517878,0.0,0.0
124,25.89766801096071,44.63483264436983,0.0,371.1252901182079,0.3711252901182079,181.35093174896585,0.0,0.0
125,25.897667375599777,44.63481347248809,0.0,374.12529011833516,0.3741252901183352,181.35093174861692,0.0,0.0
126,25.897666740238844,44.634794300600014,0.0,377.12529011846243,0.3771252901184624,181.3509317557002,0.0,0.0
127,25.89766610487791,44.634775128705606,0.0,380.1252901185897,0.3801252901185897,181.3509317490392,0.0,0.0
128,25.897665469516976,44.63475595680487,0.0,383.125290118717,0.383125290118717,181.3509317554504,0.0,0.0
129,25.89766483415604,44.63473678489779,0.0,386.12529011884425,0.3861252901188442,181.3509317429254,0.0,0.0
130,25.89766419879511,44.63471761298439,0.0,389.1252901180405,0.3891252901180405,181.35093175497653,0.0,0.0
131,25.897663563434175,44.63469844106464,0.0,392.12529011816775,0.39212529011816777,181.35093174898762,0.0,0.0
132,25.89766292807324,44.634679269138566,0.0,395.12529011828406,0.39512529011828407,181.35093174908673,0.0,0.0
133,25.897662292712308,44.63466009720616,0.0,398.1252901184113,0.3981252901184113,181.3509317482897,0.0,0.0
134,25.897661657351374,44.634640925267405,0.0,401.1252901185386,0.4011252901185386,181.35093175537295,0.0,0.0
135,25.89766102199044,44.63462175332233,0.0,404.1252901186659,0.4041252901186659,181.35093174893595,0.0,0.0
136,25.897660386629507,44.63460258137092,0.0,407.12529011879315,0.40712529011879317,181.35093175557117,0.0,0.0
137,25.89765975126857,44.63458340941317,0.0,410.1252901189204,0.4101252901189204,181.35093174935815,0.0,0.0
138,25.897659115907636,44.6345642374491,0.0,413.12529011811665,0.41312529011811666,181.35093175554528,0.0,0.0
139,25.897658480546703,44.63454506547868,0.0,416.1252901182439,0.41612529011824395,202.27380154982924,0.0,0.0
140,25.89764879534016,44.63452823908649,0.0,418.9697712642629,0.4189697712642629,218.6750658424091,0.0,0.0
141,25.897631954545744,44.634513267311206,0.0,421.9697712637913,0.4219697712637913,218.67506583849487,0.0,0.0
142,25.897615113751325,44.63449829553205,0.0,424.9697712640468,0.42496977126404684,218.67506583589864,0.0,0.0
143,25.89759827295691,44.63448332374903,0.0,427.9697712643023,0.4279697712643023,218.67506585639586,0.0,0.0
144,25.897581432162493,44.634468351962155,0.0,430.96977126383075,0.43096977126383074,161.57064441473983,0.0,0.0
145,25.897585388357818,44.634459903484334,0.0,432.36285165007894,0.4323628516500789,93.75033116501612,0.0,0.0
146,25.897612280105005,44.634458649113036,0.0,435.36285165039794,0.43536285165039795,93.75033108418279,0.0,0.0
147,25.89763917185219,44.63445739474173,0.0,438.3628516501913,0.43836285165019134,93.75033113565718,0.0,0.0
148,25.89766606359938,44.63445614037038,0.0,441.3628516504494,0.44136285165044936,93.75033110267685,0.0,0.0
149,25.897692955346567,44.63445488599901,0.0,444.36285165024276,0.44436285165024275,93.75033109725837,0.0,0.0
150,25.897719847093757,44.63445363162762,0.0,447.36285165003613,0.44736285165003614,93.75033112117092,0.0,0.0
151,25.897746738840944,44.6344523772562,0.0,450.36285165035514,0.45036285165035517,93.75033107826619,0.0,0.0
152,25.89777363058813,44.634451122884755,0.0,453.3628516501485,0.4533628516501485,93.75033113922268,0.0,0.0
153,25.89780052233532,44.63444986851327,0.0,456.3628516504066,0.4563628516504066,93.75033109676025,0.0,0.0
154,25.897827414082506,44.634448614141775,0.0,459.36285165019996,0.45936285165019997,93.75033110126617,0.0,0.0
155,25.897854305829693,44.63444735977024,0.0,462.36285164999333,0.46236285164999336,93.75033108636558,0.0,0.0
156,25.897881197576883,44.63444610539869,0.0,465.36285165031234,0.4653628516503123,93.7503311391668,0.0,0.0
157,25.897908089324066,44.6344448510271,0.0,468.3628516501057,0.4683628516501057,93.75033112382391,0.0,0.0
158,25.897934981071256,44.63444359665548,0.0,471.3628516503638,0.4713628516503638,93.75033109084359,0.0,0.0
159,25.897961872818442,44.63444234228385,0.0,474.36285165015715,0.4743628516501572,93.75033110438937,0.0,0.0
160,25.897988764565632,44.63444108791219,0.0,477.3628516504152,0.4773628516504152,90.50740728601181,0.0,0.0
161,25.898015608117454,44.63444091873891,0.0,480.3511793577159,0.48035117935771593,82.62936758137852,0.0,0.0
162,25.89804233489446,44.634443378944475,0.0,483.3511793579292,0.4833511793579292,82.62936754390216,0.0,0.0
163,25.898069061671453,44.63444583914993,0.0,486.3511793578001,0.4863511793578001,82.62936756730699,0.0,0.0
164,25.898095788448458,44.63444829935529,0.0,489.3511793580134,0.48935117935801337,82.62936755636758,0.0,0.0
165,25.898122515225452,44.63445075956054,0.0,492.3511793578843,0.4923511793578843,76.12061727659835,0.0,0.0
166,25.898148641086003,44.6344553533299,0.0,495.34696510480507,0.4953469651048051,74.70419553700162,0.0,0.0
167,25.898174635907935,44.634460412353725,0.0,498.34696510516346,0.49834696510516346,74.70419550519341,0.0,0.0
168,25.898200630729868,44.63446547137711,0.0,501.3469651050727,0.5013469651050727,74.70419550469717,0.0,0.0
169,25.898226625551796,44.63447053040006,0.0,504.3469651049819,0.5043469651049819,74.70419553705011,0.0,0.0
170,25.89825262037373,44.634475589422564,0.0,507.3469651048911,0.5073469651048911,74.70419553833773,0.0,0.0
171,25.898278615195654,44.63448064844462,0.0,510.34696510480035,0.5103469651048004,74.70419553581098,0.0,0.0
172,25.89830461001759,44.63448570746624,0.0,513.3469651051588,0.5133469651051588,74.70419550960094,0.0,0.0
173,25.89833060483952,44.634490766487424,0.0,516.3469651050681,0.5163469651050681,74.70419554017008,0.0,0.0
174,25.89835659966145,44.634495825508154,0.0,519.3469651049774,0.5193469651049774,74.7041955083618,0.0,0.0
175,25.898382594483383,44.634500884528464,0.0,522.3469651048866,0.5223469651048867,74.70419552619734,0.0,0.0
176,25.898408589305312,44.63450594354832,0.0,525.3469651047959,0.525346965104796,74.7041955254544,0.0,0.0
177,25.898434584127248,44.634511002567734,0.0,528.3469651051544,0.5283469651051543,74.70419554150612,0.0,0.0
178,25.898460578949177,44.63451606158671,0.0,531.3469651050636,0.5313469651050636,74.70419548958222,0.0,0.0
179,25.898486573771105,44.63452112060524,0.0,534.3469651049729,0.5343469651049729,74.70419553110105,0.0,0.0
180,25.898512568593034,44.634526179623336,0.0,537.3469651048822,0.5373469651048822,74.70419552500653,0.0,0.0
181,25.898538563414967,44.63453123864099,0.0,540.3469651047915,0.5403469651047915,70.64647546228616,0.0,0.0
182,25.898563958852836,44.63453758613243,0.0,543.3432890978456,0.5433432890978456,68.66362728582078,0.0,0.0
183,25.89858906120882,44.63454456365062,0.0,546.3432890976723,0.5463432890976723,68.66362725239344,0.0,0.0
184,25.898614163564805,44.63455154116799,0.0,549.3432890978378,0.5493432890978378,68.66362728092452,0.0,0.0
185,25.89863926592079,44.6345585186845,0.0,552.3432890976644,0.5523432890976644,68.66362724110627,0.0,0.0
186,25.898664368276776,44.63456549620019,0.0,555.3432890982637,0.5553432890982637,68.66362727356795,0.0,0.0
187,25.89868947063276,44.63457247371503,0.0,558.3432890980903,0.5583432890980903,68.66362728439663,0.0,0.0
188,25.89871457298874,44.63457945122902,0.0,561.3432890979169,0.5613432890979169,68.66362725342952,0.0,0.0
189,25.898739675344725,44.634586428742196,0.0,564.3432890980824,0.5643432890980824,68.66362726425814,0.0,0.0
190,25.89876477770071,44.63459340625452,0.0,567.3432890979091,0.5673432890979091,68.66362726377531,0.0,0.0
191,25.89878988005669,44.634600383766006,0.0,570.3432890980746,0.5703432890980746,68.66362727706428,0.0,0.0
192,25.898814982412674,44.63460736127665,0.0,573.3432890979012,0.5733432890979012,68.66362725494832,0.0,0.0
193,25.89884008476866,44.63461433878646,0.0,576.3432890980667,0.5763432890980668,68.66362727609845,0.0,0.0
194,25.898865187124642,44.63462131629542,0.0,579.3432890978934,0.5793432890978933,68.66362728299646,0.0,0.0
195,25.898890289480626,44.63462829380355,0.0,582.34328909772,0.58234328909772,68.6636272407178,0.0,0.0
196,25.89891539183661,44.63463527131085,0.0,585.3432890978855,0.5853432890978856,68.66362728449099,0.0,0.0
197,25.89894049419259,44.63464224881729,0.0,588.3432890977122,0.5883432890977122,68.66362725352377,0.0,0.0
198,25.898965596548575,44.634649226322914,0.0,591.3432890978777,0.5913432890978777,68.66362727320359,0.0,0.0
199,25.89899069890456,44.63465620382768,0.0,594.3432890977043,0.5943432890977043,68.66362723977608,0.0,0.0
200,25.899015801260543,44.634663181331625,0.0,597.3432890978698,0.5973432890978698,68.66362731010292,0.0,0.0
201,25.899040903616527,44.634670158834716,0.0,600.3432890976965,0.6003432890976965,68.66362726143325,0.0,0.0
202,25.89906600597251,44.634677136336975,0.0,603.343289097862,0.603343289097862,68.6636272835733,0.0,0.0
203,25.8990911083285,44.63468411383839,0.0,606.3432890981225,0.6063432890981224,68.66362727177881,0.0,0.0
204,25.89911621068448,44.634691091338965,0.0,609.3432890979491,0.6093432890979491,68.66362728506772,0.0,0.0
205,25.899141313040463,44.6346980688387,0.0,612.3432890981146,0.6123432890981146,68.66362727819381,0.0,0.0
206,25.899166415396447,44.6347050463376,0.0,615.3432890979412,0.6153432890979412,68.66362725361739,0.0,0.0
207,25.89919151775243,44.63471202383567,0.0,618.3432890981068,0.6183432890981068,68.66362727329721,0.0,0.0
208,25.899216620108415,44.63471900133289,0.0,621.3432890979334,0.6213432890979333,68.66362724872079,0.0,0.0
209,25.8992417224644,44.63472597882928,0.0,624.3432890980989,0.6243432890980989,68.66362727479151,0.0,0.0
210,25.899266824820383,44.634732956324825,0.0,627.3432890979255,0.6273432890979256,68.66362728562001,0.0,0.0
211,25.899291927176364,44.634739933819525,0.0,630.3432890977522,0.6303432890977522,68.66362726350394,0.0,0.0
212,25.899317029532348,44.63474691131339,0.0,633.3432890979177,0.6333432890979177,68.66362726548118,0.0,0.0
213,25.899342131888332,44.63475388880642,0.0,636.3432890977443,0.6363432890977443,68.66362726499813,0.0,0.0
214,25.899367234244313,44.63476086629861,0.0,639.3432890979099,0.6393432890979098,68.66362728074728,0.0,0.0
215,25.8993923366003,44.63476784378996,0.0,642.3432890977365,0.6423432890977365,68.6636272625617,0.0,0.0
216,25.899417438956284,44.63477482128047,0.0,645.343289097902,0.6453432890979021,68.66362726846961,0.0,0.0
217,25.899442541312265,44.63478179877015,0.0,648.3432890977286,0.6483432890977286,68.66362725766498,0.0,0.0
218,25.89946764366825,44.634788776258986,0.0,651.3432890978942,0.6513432890978942,68.66362728619595,0.0,0.0
219,25.899492746024233,44.63479575374697,0.0,654.3432890977208,0.6543432890977208,68.66362724637725,0.0,0.0
220,25.89951784838022,44.63480273123413,0.0,657.3432890979813,0.6573432890979812,68.66362726998761,0.0,0.0
221,25.8995429507362,44.63480970872045,0.0,660.3432890981468,0.6603432890981468,68.66362726557384,0.0,0.0
222,25.899568053092185,44.63481668620592,0.0,663.3432890979734,0.6633432890979735,68.66362727640234,0.0,0.0
223,25.89959315544817,44.63482366369057,0.0,666.3432890981389,0.6663432890981389,68.66362726952826,0.0,0.0
224,25.899618257804153,44.63483064117437,0.0,669.3432890979656,0.6693432890979656,68.66362726019389,0.0,0.0
225,25.899643360160137,44.63483761865733,0.0,672.3432890981311,0.6723432890981311,68.66362728233389,0.0,0.0
226,25.89966846251612,44.634844596139445,0.0,675.3432890979577,0.6753432890979577,68.66362728185078,0.0,0.0
227,25.899693564872102,44.63485157362073,0.0,678.3432890977843,0.6783432890977843,68.66362726858574,0.0,0.0
228,25.899718667228086,44.63485855110117,0.0,681.3432890979499,0.6813432890979498,68.66362727056293,0.0,0.0
229,25.89974376958407,44.634865528580775,0.0,684.3432890977765,0.6843432890977765,68.66362724352598,0.0,0.0
230,25.89976887194005,44.63487250605955,0.0,687.343289097942,0.6873432890979421,68.66362730353131,0.0,0.0
231,25.89979397429604,44.63487948353747,0.0,690.3432890977687,0.6903432890977687,68.66362725879185,0.0,0.0
232,25.899819076652022,44.63488646101456,0.0,693.3432890979342,0.6933432890979342,68.66362724945742,0.0,0.0
233,25.899844179008007,44.63489343849081,0.0,696.3432890977608,0.6963432890977608,68.6636273045421,0.0,0.0
234,25.899869281363987,44.634900415966214,0.0,699.3432890975874,0.6993432890975875,68.66362725587197,0.0,0.0
235,25.89989438371997,44.63490739344079,0.0,702.343289097753,0.702343289097753,68.66362726670036,0.0,0.0
236,25.899919486075955,44.63491437091452,0.0,705.3432890975796,0.7053432890975796,68.6636272888403,0.0,0.0
237,25.899944588431943,44.634921348387415,0.0,708.3432890981788,0.7083432890981789,68.66362725049174,0.0,0.0
238,25.899969690787923,44.63492832585947,0.0,711.3432890980055,0.7113432890980055,68.66362728394324,0.0,0.0
239,25.89999479314391,44.63493530333069,0.0,714.343289098171,0.714343289098171,68.66362730116253,0.0,0.0
240,25.900019895499895,44.634942280801056,0.0,717.3432890979976,0.7173432890979976,68.66362724511146,0.0,0.0
241,25.900044997855876,44.6349492582706,0.0,720.3432890981632,0.7203432890981631,68.66362726086038,0.0,0.0
242,25.90007010021186,44.634956235739295,0.0,723.3432890979898,0.7233432890979897,68.66362729824255,0.0,0.0
243,25.900095202567844,44.63496321320715,0.0,726.3432890978164,0.7263432890978164,68.66362722694913,0.0,0.0
244,25.900120304923824,44.63497019067418,0.0,729.3432890979819,0.729343289097982,68.66362728449411,0.0,0.0
245,25.90014540727981,44.63497716814036,0.0,732.3432890978086,0.7323432890978085,68.66362725991735,0.0,0.0
246,25.900170509635792,44.634984145605706,0.0,735.3432890979741,0.7353432890979741,68.66362729729946,0.0,0.0
247,25.900195611991776,44.6349911230702,0.0,738.3432890978007,0.7383432890978007,10.912385185391088,0.0,0.0
248,25.90019693956114,44.63499602309426,0.0,739.123945872472,0.739123945872472,277.3352915745316,0.0,0.0
249,25.900170210656732,44.63499847154482,0.0,742.1239458723619,0.7421239458723619,277.3352915593483,0.0,0.0
250,25.90014348175232,44.63500091999527,0.0,745.1239458728326,0.7451239458728326,277.3352915458918,0.0,0.0
251,25.90011675284791,44.63500336844561,0.0,748.1239458727225,0.7481239458727225,277.3352915701344,0.0,0.0
252,25.900090023943505,44.635005816895855,0.0,751.1239458726125,0.7511239458726124,277.3352915361016,0.0,0.0
253,25.900063295039097,44.63500826534599,0.0,754.1239458725024,0.7541239458725024,277.3352915689057,0.0,0.0
254,25.900036566134688,44.63501071379603,0.0,757.1239458723924,0.7571239458723924,277.3352915348728,0.0,0.0
255,25.900009837230275,44.635013162245954,0.0,760.1239458727441,0.7601239458727441,277.3352915685403,0.0,0.0
256,25.899983108325866,44.63501561069579,0.0,763.1239458726341,0.7631239458726341,277.33529155422036,0.0,0.0
257,25.899956379421457,44.63501805914551,0.0,766.123945872524,0.766123945872524,277.33529156903825,0.0,0.0
258,25.899929650517052,44.63502050759514,0.0,769.123945872414,0.769123945872414,277.3352915247172,0.0,0.0
259,25.89990292161264,44.63502295604465,0.0,772.1239458727657,0.7721239458727657,277.3352915583847,0.0,0.0
260,25.89987619270823,44.63502540449407,0.0,775.1239458727746,0.7751239458727746,277.335291581764,0.0,0.0
261,25.89984946380382,44.63502785294339,0.0,778.1239458726645,0.7781239458726645,277.3352915580193,0.0,0.0
262,25.899822734899413,44.6350303013926,0.0,781.1239458725545,0.7811239458725545,277.33529156254906,0.0,0.0
263,25.899796005995004,44.635032749841706,0.0,784.1239458724444,0.7841239458724444,277.3352915096665,0.0,0.0
264,25.89976927709059,44.635035198290694,0.0,787.1239458727962,0.7871239458727962,277.33529154419733,0.0,0.0
265,25.899742548186186,44.6350376467396,0.0,790.1239458726861,0.7901239458726861,277.33529156671335,0.0,0.0
266,25.899715819281777,44.635040095188394,0.0,793.1239458725761,0.7931239458725761,277.3352915429686,0.0,0.0
267,25.899689090377368,44.635042543637084,0.0,796.123945872466,0.796123945872466,277.33529156634796,0.0,0.0
268,25.89966236147296,44.635044992085675,0.0,799.123945872356,0.799123945872356,277.3352915511647,0.0,0.0
269,25.899635632568547,44.63504744053416,0.0,802.1239458727077,0.8021239458727077,277.3352915659826,0.0,0.0
270,25.899608903664138,44.63504988898254,0.0,805.1239458727166,0.8051239458727166,277.335291552526,0.0,0.0
271,25.899582174759733,44.63505233743083,0.0,808.1239458726066,0.8081239458726066,277.33529154676756,0.0,0.0
272,25.899555445855324,44.635054785879,0.0,811.1239458724965,0.8111239458724965,277.3352915607221,0.0,0.0
273,25.899528716950915,44.63505723432707,0.0,814.1239458723865,0.8141239458723865,277.33529154553884,0.0,0.0
274,25.899501988046502,44.635059682775044,0.0,817.1239458727382,0.8171239458727382,272.12408774370357,0.0,0.0
275,25.899475167151486,44.63506039064558,0.0,820.1116871070814,0.8201116871070814,266.9722920555816,0.0,0.0
276,25.899448255311714,44.63505937772764,0.0,823.1116871071077,0.8231116871071077,266.97229207986385,0.0,0.0
277,25.899421343471943,44.6350583648097,0.0,826.1116871070849,0.8261116871070849,266.97229209429963,0.0,0.0
278,25.899394431632174,44.63505735189174,0.0,829.1116871071113,0.8291116871071113,266.9722920904711,0.0,0.0
279,25.899367519792403,44.63505633897376,0.0,832.1116871070884,0.8321116871070884,241.22378413129644,0.0,0.0
280,25.89934658933438,44.63504815895428,0.0,834.7699307877916,0.8347699307877916,211.6180766092294,0.0,0.0
281,25.89933246095886,44.635031828437484,0.0,837.7699307876705,0.8377699307876706,211.6180766337003,0.0,0.0
282,25.899318332583334,44.63501549791611,0.0,840.7699307877936,0.8407699307877936,211.6180766075769,0.0,0.0
283,25.899304204207812,44.634999167390134,0.0,843.7699307876725,0.8437699307876725,203.58918399753452,0.0,0.0
284,25.8992935622246,44.634981824999436,0.0,846.7302787677362,0.8467302787677362,192.75899183489074,0.0,0.0
285,25.899287610424178,44.634963121365324,0.0,849.7302787677397,0.8497302787677398,192.75899182246386,0.0,0.0
286,25.899281658623764,44.634944417725194,0.0,852.7302787677432,0.8527302787677432,192.75899182352612,0.0,0.0
287,25.899275706823342,44.634925714079024,0.0,855.7302787677468,0.8557302787677468,192.75899182399013,0.0,0.0
288,25.899269755022928,44.63490701042684,0.0,858.7302787676474,0.8587302787676474,192.75899181396088,0.0,0.0
289,25.899263803222514,44.63488830676862,0.0,861.7302787676509,0.861730278767651,192.7589918324104,0.0,0.0
290,25.899257851422092,44.63486960310438,0.0,864.7302787676545,0.8647302787676544,192.7589918178847,0.0,0.0
291,25.899251899621678,44.6348508994341,0.0,867.7302787675551,0.867730278767555,192.7589918249436,0.0,0.0
292,25.89924594782126,44.634832195757795,0.0,870.7302787675586,0.8707302787675586,192.75899182390702,0.0,0.0
293,25.899239996020842,44.63481349207546,0.0,873.7302787675621,0.8737302787675622,192.75899182017355,0.0,0.0
294,25.899234044220425,44.6347947883871,0.0,876.7302787675657,0.8767302787675657,192.75899182303507,0.0,0.0
295,25.89922809242001,44.63477608469272,0.0,879.7302787674663,0.8797302787674663,192.75899181540336,0.0,0.0
296,25.899222140619592,44.63475738099229,0.0,882.7302787674698,0.8827302787674698,192.75899183355355,0.0,0.0
297,25.89921618881917,44.634738677285846,0.0,885.7302787674734,0.8857302787674733,190.4834294602734,0.0,0.0
298,25.89921161664896,44.63472109427836,0.0,888.5275775848044,0.8885275775848044,69.67817611945986,0.0,0.0
299,25.899236888686215,44.63472775439587,0.0,891.5275775845853,0.8915275775845853,69.6781761189028,0.0,0.0
300,25.899262160723474,44.634734414512614,0.0,894.5275775846897,0.8945275775846897,69.67817608691564,0.0,0.0
301,25.899287432760733,44.6347410746286,0.0,897.5275775844706,0.8975275775844705,69.67817608635858,0.0,0.0
302,25.899312704797993,44.63474773474382,0.0,900.5275775850116,0.9005275775850116,69.67817610783777,0.0,0.0
303,25.89933797683525,44.63475439485827,0.0,903.5275775847925,0.9035275775847925,69.67817609836959,0.0,0.0
304,25.899363248872508,44.63476105497196,0.0,906.5275775848969,0.9065275775848969,69.67817609546404,0.0,0.0
305,25.899388520909767,44.63476771508489,0.0,909.5275775846778,0.9095275775846778,69.67817607003957,0.0,0.0
306,25.899413792947023,44.63477437519706,0.0,912.5275775847822,0.9125275775847822,69.67817611403774,0.0,0.0
307,25.89943906498428,44.63478103530845,0.0,915.5275775845631,0.9155275775845632,69.67817611582899,0.0,0.0
308,25.89946433702154,44.63478769541908,0.0,918.5275775847807,0.9185275775847808,69.67817609275284,0.0,0.0
309,25.8994896090588,44.63479435552895,0.0,921.5275775848851,0.9215275775848851,69.67817607623942,0.0,0.0
310,25.899514881096056,44.634801015638054,0.0,924.527577584666,0.924527577584666,69.67817609350436,0.0,0.0
311,25.899540153133312,44.634807675746394,0.0,927.5275775847704,0.9275275775847703,69.67817610842093,0.0,0.0
312,25.899565425170568,44.63481433585397,0.0,930.5275775845513,0.9305275775845513,69.67817609895263,0.0,0.0
313,25.899590697207827,44.63482099596078,0.0,933.5275775846557,0.9335275775846557,69.67817609604703,0.0,0.0
314,25.89961596924509,44.634827656066825,0.0,936.5275775848733,0.9365275775848733,69.67817608188193,0.0,0.0
315,25.899641241282346,44.63483431617211,0.0,939.5275775849776,0.9395275775849776,69.67817610570955,0.0,0.0
316,25.899666513319602,44.63484097627663,0.0,942.5275775847585,0.9425275775847586,69.67817607841909,0.0,0.0
317,25.89969178535686,44.634847636380385,0.0,945.5275775848629,0.9455275775848629,69.67817612428314,0.0,0.0
318,25.899717057394117,44.63485429648337,0.0,948.5275775846438,0.9485275775846438,69.67817609042999,0.0,0.0
319,25.899742329431376,44.63486095658559,0.0,951.5275775844248,0.9515275775844247,69.6781761053465,0.0,0.0
320,25.899767601468636,44.63486761668705,0.0,954.5275775849658,0.9545275775849658,69.6781761000924,0.0,0.0
321,25.89979287350589,44.63487427678775,0.0,957.5275775847467,0.9575275775847467,69.67817607936462,0.0,0.0
322,25.89981814554315,44.63488093688768,0.0,960.5275775848511,0.9605275775848511,69.67817610554062,0.0,0.0
323,25.89984341758041,44.63488759698684,0.0,963.527577584632,0.963527577584632,69.67817609137546,0.0,0.0
324,25.899868689617666,44.63489425708525,0.0,966.5275775847364,0.9665275775847364,69.67817608846974,0.0,0.0
325,25.89989396165492,44.63490091718289,0.0,969.5275775845173,0.9695275775845174,69.67817609026088,0.0,0.0
326,25.899919233692184,44.63490757727977,0.0,972.5275775850583,0.9725275775850584,69.67817609813216,0.0,0.0
327,25.89994450572944,44.634914237375874,0.0,975.5275775848393,0.9755275775848392,69.67817609101212,0.0,0.0
328,25.8999697777667,44.63492089747122,0.0,978.5275775846202,0.9785275775846202,69.6781761035802,0.0,0.0
329,25.899995049803955,44.634927557565796,0.0,981.5275775847246,0.9815275775847245,69.67817610067453,0.0,0.0
330,25.900020321841215,44.63493421765961,0.0,984.5275775845055,0.9845275775845055,69.67817607994664,0.0,0.0
331,25.90004559387847,44.63494087775267,0.0,987.5275775846098,0.9875275775846099,69.67817609955983,0.0,0.0
332,25.900070865915733,44.63494753784496,0.0,990.5275775848274,0.9905275775848275,69.67817610086843,0.0,0.0
333,25.90009613795299,44.63495419793648,0.0,993.5275775849318,0.9935275775849318,69.67817609140002,0.0,0.0
334,25.90012140999025,44.63496085802724,0.0,996.5275775847127,0.9965275775847128,69.67817611053073,0.0,0.0
335,25.900146682027504,44.634967518117236,0.0,999.5275775848171,0.9995275775848171,69.67817610997338,0.0,0.0
336,25.90017195406476,44.63497417820646,0.0,1002.527577584598,1.002527577584598,69.67817608924543,0.0,0.0
337,25.900197226102016,44.63498083829493,0.0,1005.5275775847024,1.0055275775847023,69.67817611120705,0.0,0.0
338,25.900222498139282,44.63498749838263,0.0,1008.52757758492,1.00852757758492,69.67817607217438,0.0,0.0
339,25.900247770176538,44.63499415846957,0.0,1011.5275775847009,1.0115275775847008,69.67817608052809,0.0,0.0
340,25.900273042213794,44.635000818555746,0.0,1014.5275775848053,1.0145275775848053,69.67817611326672,0.0,0.0
341,25.90029831425105,44.63500747864115,0.0,1017.5275775845862,1.0175275775845862,69.67817610379825,0.0,0.0
342,25.90032358628831,44.63501413872579,0.0,1020.5275775846906,1.0205275775846905,69.6781761074551,0.0,0.0
343,25.900348858325568,44.63502079880967,0.0,1023.5275775844715,1.0235275775844714,69.6781761068977,0.0,0.0
344,25.900374130362827,44.635027458892786,0.0,1026.5275775850125,1.0265275775850125,69.6781760749102,0.0,0.0
345,25.900399402400083,44.63503411897514,0.0,1029.5275775847936,1.0295275775847936,69.67817607435273,0.0,0.0
346,25.900424674437343,44.63504077905673,0.0,1032.527577584898,1.0325275775848979,69.67817610474299,0.0,0.0
347,25.900449946474602,44.63504743913755,0.0,1035.527577584679,1.035527577584679,69.67817613748161,0.0,0.0
348,25.900475218511858,44.6350540992176,0.0,1038.52757758446,1.03852757758446,69.67817607219797,0.0,0.0
349,25.900500490549113,44.6350607592969,0.0,1041.5275775845644,1.0415275775845643,69.67817608946274,0.0,0.0
350,25.900525762586373,44.63506741937543,0.0,1044.527577584782,1.044527577584782,69.6781761020307,0.0,0.0
351,25.900551034623632,44.63507407945319,0.0,1047.5275775848863,1.0475275775848862,69.67817611038436,0.0,0.0
352,25.90057630666089,44.63508073953019,0.0,1050.5275775846674,1.0505275775846674,69.67817610513009,0.0,0.0
353,25.900601578698147,44.63508739960643,0.0,1053.5275775847717,1.0535275775847717,69.67817608440203,0.0,0.0
354,25.900626850735403,44.6350940596819,0.0,1056.5275775845528,1.0565275775845528,69.67817609040719,0.0,0.0
355,25.900652122772662,44.635100719756615,0.0,1059.5275775846571,1.059527577584657,69.67817612784262,0.0,0.0
356,25.900677394809925,44.63510737983055,0.0,1062.5275775848747,1.0625275775848748,69.67817604003983,0.0,0.0
357,25.90070266684718,44.63511403990374,0.0,1065.527577584979,1.065527577584979,69.67817613515626,0.0,0.0
358,25.900727938884437,44.63512069997614,0.0,1068.5275775847601,1.0685275775847602,69.67817607222088,0.0,0.0
359,25.900753210921696,44.6351273600478,0.0,1071.5275775845412,1.0715275775845412,69.67817611808493,0.0,0.0
360,25.900778482958952,44.63513402011868,0.0,1074.5275775846455,1.0745275775846455,69.6781760818829,0.0,0.0
361,25.900803754996208,44.635140680188805,0.0,1077.5275775844266,1.0775275775844266,69.67817611040715,0.0,0.0
362,25.90082902703347,44.63514734025816,0.0,1080.5275775849677,1.0805275775849676,69.67817607841943,0.0,0.0
363,25.90085429907073,44.63515400032675,0.0,1083.5275775847488,1.0835275775847488,69.67817609755008,0.0,0.0
364,25.900879571107986,44.635160660394575,0.0,1086.5275775848531,1.086527577584853,69.67817608808139,0.0,0.0
365,25.90090484314524,44.63516732046164,0.0,1089.5275775846342,1.0895275775846343,69.67817607626432,0.0,0.0
366,25.900930115182497,44.635173980527945,0.0,1092.5275775847385,1.0925275775847385,69.6781760958774,0.0,0.0
367,25.90095538721976,44.635180640593475,0.0,1095.5275775849561,1.0955275775849562,69.67817612391917,0.0,0.0
368,25.90098065925702,44.63518730065824,0.0,1098.5275775847372,1.0985275775847372,69.67817609427982,0.0,0.0
369,25.901005931294275,44.63519396072225,0.0,1101.5275775848415,1.1015275775848414,69.6781761091961,0.0,0.0
370,25.90103120333153,44.63520062078549,0.0,1104.5275775846226,1.1045275775846226,63.88893297830049,0.0,0.0
371,25.901055147471798,44.63520897194758,0.0,1107.4959737402671,1.1074959737402672,51.93210919489394,0.0,0.0
372,25.90107636426231,44.63522079643448,0.0,1110.4959737402362,1.1104959737402362,51.932109173392234,0.0,0.0
373,25.901097581052827,44.63523262091898,0.0,1113.4959737399977,1.1134959737399976,51.93210916759193,0.0,0.0
374,25.901118797843335,44.63524444540107,0.0,1116.4959737399668,1.1164959737399667,51.93210914940198,0.0,0.0
375,25.90114001463385,44.635256269880756,0.0,1119.4959737399358,1.119495973739936,51.93210916027925,0.0,0.0
376,25.90116123142436,44.635268094358025,0.0,1122.495973739905,1.122495973739905,51.932109160363495,0.0,0.0
377,25.90118244821488,44.63527991883289,0.0,1125.4959737402405,1.1254959737402406,51.93210917455258,0.0,0.0
378,25.90120366500539,44.63529174330534,0.0,1128.4959737402096,1.1284959737402096,24.57230873496951,0.0,0.0
379,25.90121403894479,44.63530788765587,0.0,1131.2730463221774,1.1312730463221774,6.5552312575663905,0.0,0.0
380,25.90121711552059,44.635326939330184,0.0,1134.2730463219323,1.1342730463219324,6.55523125931262,0.0,0.0
381,25.901220192096392,44.63534599099826,0.0,1137.2730463217404,1.1372730463217404,6.555231251753753,0.0,0.0
382,25.90122326867219,44.63536504266006,0.0,1140.2730463214953,1.1402730463214952,6.555231255878482,0.0,0.0
383,25.901226345247995,44.63538409431563,0.0,1143.2730463222285,1.1432730463222285,6.555231266094495,0.0,0.0
384,25.901229421823796,44.63540314596493,0.0,1146.2730463219834,1.1462730463219835,6.5552312554899,0.0,0.0
385,25.901232498399597,44.63542219760797,0.0,1149.2730463217915,1.1492730463217915,329.5774335864105,0.0,0.0
386,25.90122014196932,44.6354371709419,0.0,1151.9894434680016,1.1519894434680016,312.6985502895362,0.0,0.0
387,25.901200335954286,44.63545017565633,0.0,1154.9894434683742,1.1549894434683743,312.69855030796066,0.0,0.0
388,25.901180529939257,44.63546318036784,0.0,1157.989443467773,1.157989443467773,312.69855030804285,0.0,0.0
389,25.901160723924225,44.635476185076456,0.0,1160.9894434681457,1.1609894434681458,312.6985502893611,0.0,0.0
390,25.90114091790919,44.63548918978214,0.0,1163.9894434678868,1.1639894434678868,312.69855031258214,0.0,0.0
391,25.901121111894156,44.635502194484914,0.0,1166.9894434682594,1.1669894434682595,312.698550324023,0.0,0.0
392,25.901101305879127,44.63551519918479,0.0,1169.9894434682897,1.1699894434682896,312.69855028918636,0.0,0.0
393,25.901081499864095,44.635528203881734,0.0,1172.9894434680307,1.1729894434680306,312.6985503100093,0.0,0.0
394,25.901061693849062,44.635541208575766,0.0,1175.9894434684034,1.1759894434684033,299.2580125673696,0.0,0.0
395,25.901039689075642,44.63554998056578,0.0,1178.7971948492407,1.1787971948492406,267.8750605373881,0.0,0.0
396,25.901012758149104,44.63554926950564,0.0,1181.7971948493291,1.181797194849329,267.87506057264744,0.0,0.0
397,25.90098582722257,44.63554855844551,0.0,1184.7971948489521,1.1847971948489522,267.875060589416,0.0,0.0
398,25.900958896296032,44.63554784738537,0.0,1187.7971948490406,1.1877971948490407,267.87506058694163,0.0,0.0
399,25.900931965369494,44.635547136325215,0.0,1190.797194849129,1.190797194849129,267.87506056547494,0.0,0.0
400,25.900905034442957,44.635546425265055,0.0,1193.7971948492175,1.1937971948492174,267.87506054400825,0.0,0.0
401,25.90087810351642,44.63554571420488,0.0,1196.797194849306,1.196797194849306,267.87506056952077,0.0,0.0
402,25.90085117258989,44.6355450031447,0.0,1199.797194848929,1.199797194848929,267.87506054855555,0.0,0.0
403,25.90082424166335,44.635544292084504,0.0,1202.797194849052,1.202797194849052,267.87506057456955,0.0,0.0
404,25.900797310736813,44.63554358102431,0.0,1205.7971948491404,1.2057971948491404,267.875060562599,0.0,0.0
405,25.900770379810275,44.635542869964105,0.0,1208.7971948492288,1.2087971948492289,267.8750605696207,0.0,0.0
406,25.900743448883738,44.63554215890389,0.0,1211.7971948493173,1.2117971948493174,267.8750606048801,0.0,0.0
407,25.900716517957203,44.63554144784367,0.0,1214.7971948489403,1.2147971948489402,267.8750605361835,0.0,0.0
408,25.900689587030666,44.63554073678343,0.0,1217.7971948490288,1.2177971948490287,267.87506058118976,0.0,0.0
409,25.900662656104128,44.635540025723195,0.0,1220.7971948491172,1.2207971948491172,267.8750605692192,0.0,0.0
410,25.90063572517759,44.63553931466294,0.0,1223.7971948492402,1.2237971948492403,267.8750605477525,0.0,0.0
411,25.900608794251053,44.63553860360268,0.0,1226.7971948493287,1.2267971948493286,267.8750605542728,0.0,0.0
412,25.90058186332452,44.635537892542416,0.0,1229.7971948489517,1.2297971948489517,267.8750605715428,0.0,0.0
413,25.90055493239798,44.63553718148214,0.0,1232.7971948490401,1.2327971948490402,267.8750605783138,0.0,0.0
414,25.900528001471443,44.63553647042186,0.0,1235.7971948491286,1.2357971948491286,267.87506054735104,0.0,0.0
415,25.900501070544905,44.63553575936156,0.0,1238.797194849217,1.2387971948492171,267.8750605828611,0.0,0.0
416,25.900474139618368,44.63553504830126,0.0,1241.7971948493055,1.2417971948493054,267.8750605606423,0.0,0.0
417,25.900447208691837,44.63553433724095,0.0,1244.797194848963,1.2447971948489631,267.87506056841613,0.0,0.0
418,25.9004202777653,44.635533626180624,0.0,1247.7971948490515,1.2477971948490514,267.8750605754379,0.0,0.0
419,25.90039334683876,44.6355329151203,0.0,1250.79719484914,1.2507971948491399,267.87506056346734,0.0,0.0
420,25.900366415912224,44.63553220405996,0.0,1253.7971948492284,1.2537971948492284,267.87506057048904,0.0,0.0
421,25.900339484985686,44.63553149299962,0.0,1256.7971948493168,1.2567971948493168,267.87506056801465,0.0,0.0
422,25.90031255405915,44.63553078193926,0.0,1259.7971948489399,1.25979719484894,267.8750605940286,0.0,0.0
423,25.90028562313261,44.6355300708789,0.0,1262.7971948490283,1.2627971948490282,267.87506054407356,0.0,0.0
424,25.900258692206073,44.63552935981853,0.0,1265.7971948491513,1.2657971948491513,267.8750605700875,0.0,0.0
425,25.900231761279535,44.63552864875815,0.0,1268.7971948492398,1.2687971948492398,267.87506055811696,0.0,0.0
426,25.900204830352997,44.63552793769775,0.0,1271.7971948493282,1.2717971948493283,267.8750605741334,0.0,0.0
427,25.900177899426467,44.63552722663736,0.0,1274.7971948489512,1.2747971948489512,267.8750605721604,0.0,0.0
428,25.90015096849993,44.635526515576956,0.0,1277.7971948490397,1.2777971948490396,267.875060569686,0.0,0.0
429,25.90012403757339,44.63552580451654,0.0,1280.7971948491281,1.2807971948491281,267.87506058620386,0.0,0.0
430,25.900097106646854,44.63552509345612,0.0,1283.7971948492166,1.2837971948492166,267.8750605742333,0.0,0.0
431,25.900070175720316,44.63552438239569,0.0,1286.797194849305,1.286797194849305,267.87506057150813,0.0,0.0
432,25.900043244793782,44.63552367133524,0.0,1289.7971948489626,1.2897971948489626,267.87506055029223,0.0,0.0
433,25.900016313867244,44.635522960274784,0.0,1292.797194849051,1.292797194849051,267.87506057630617,0.0,0.0
434,25.899989382940706,44.63552224921433,0.0,1295.7971948491395,1.2957971948491396,267.87506055483954,0.0,0.0
435,25.89996245201417,44.63552153815386,0.0,1298.797194849228,1.2987971948492278,267.8750605713574,0.0,0.0
436,25.89993552108763,44.63552082709339,0.0,1301.7971948493164,1.3017971948493163,267.87506054014386,0.0,0.0
437,25.899908590161097,44.6355201160329,0.0,1304.7971948489394,1.3047971948489394,267.8750605948969,0.0,0.0
438,25.89988165923456,44.63551940497241,0.0,1307.7971948490278,1.307797194849028,267.875060554438,0.0,0.0
439,25.89985472830802,44.635518693911905,0.0,1310.7971948491509,1.3107971948491508,267.87506057095584,0.0,0.0
440,25.899827797381484,44.6355179828514,0.0,1313.7971948492393,1.3137971948492393,267.87506057797754,0.0,0.0
441,25.899800866454946,44.635517271790874,0.0,1316.7971948493278,1.3167971948493278,267.87506055600943,0.0,0.0
442,25.899773935528415,44.635516560730345,0.0,1319.7971948489508,1.3197971948489509,267.87506057302875,0.0,0.0
443,25.899747004601878,44.63551584966981,0.0,1322.7971948490392,1.3227971948490391,267.87506058005044,0.0,0.0
444,25.89972007367534,44.635515138609264,0.0,1325.7971948491277,1.3257971948491276,267.87506055858375,0.0,0.0
445,25.899693142748802,44.635514427548706,0.0,1328.797194849216,1.328797194849216,267.8750605656055,0.0,0.0
446,25.899666211822264,44.63551371648814,0.0,1331.7971948493391,1.3317971948493392,267.87506057237647,0.0,0.0
447,25.89963928089573,44.635513005427576,0.0,1334.7971948489621,1.334797194848962,267.87506056065666,0.0,0.0
448,25.899612349969193,44.63551229436699,0.0,1337.7971948490506,1.3377971948490506,267.87506056767836,0.0,0.0
449,25.899585419042655,44.6355115833064,0.0,1340.797194849139,1.340797194849139,267.87506056520397,0.0,0.0
450,25.899558488116117,44.6355108722458,0.0,1343.7971948492275,1.3437971948492275,267.87506057222566,0.0,0.0
451,25.89953155718958,44.635510161185195,0.0,1346.797194849316,1.346797194849316,267.8750605600044,0.0,0.0
452,25.899504626263045,44.63550945012458,0.0,1349.797194848939,1.349797194848939,267.8750605672768,0.0,0.0
453,25.899477695336508,44.63550873906395,0.0,1352.797194849062,1.352797194849062,267.8750605742986,0.0,0.0
454,25.89945076440997,44.63550802800332,0.0,1355.7971948491504,1.3557971948491505,267.8750605718242,0.0,0.0
455,25.899423833483432,44.63550731694268,0.0,1358.7971948492388,1.3587971948492388,267.8750605693497,0.0,0.0
456,25.899396902556894,44.63550660588203,0.0,1361.7971948493273,1.3617971948493273,267.8750605853661,0.0,0.0
457,25.899369971630364,44.63550589482137,0.0,1364.7971948489503,1.3647971948489503,267.87506057389703,0.0,0.0
458,25.899343040703826,44.635505183760706,0.0,1367.7971948490388,1.3677971948490388,267.87506053343816,0.0,0.0
459,25.89931610977729,44.63550447270003,0.0,1370.7971948491272,1.370797194849127,267.8750606069327,0.0,0.0
460,25.89928917885075,44.63550376163935,0.0,1373.7971948492157,1.3737971948492156,267.8750605284893,0.0,0.0
461,25.899262247924213,44.63550305057864,0.0,1376.7971948493387,1.3767971948493387,267.8750605729941,0.0,0.0
462,25.89923531699768,44.63550233951794,0.0,1379.7971948489617,1.3797971948489616,267.8750605710211,0.0,0.0
463,25.89920838607114,44.63550162845723,0.0,1382.7971948490501,1.38279719484905,267.87506058753894,0.0,0.0
464,25.899181455144603,44.63550091739651,0.0,1385.7971948491386,1.3857971948491385,267.87506055657616,0.0,0.0
465,25.899154524218066,44.635500206335784,0.0,1388.797194849227,1.388797194849227,267.875060573094,0.0,0.0
466,25.899127593291528,44.63549949527504,0.0,1391.7971948493155,1.3917971948493155,267.8750605513766,0.0,0.0
467,25.899100662364994,44.6354987842143,0.0,1394.7971948489385,1.3947971948489384,267.8750605491529,0.0,0.0
468,25.899073731438456,44.63549807315354,0.0,1397.7971948490615,1.3977971948490615,267.8750605561746,0.0,0.0
469,25.89904680051192,44.63549736209278,0.0,1400.79719484915,1.40079719484915,267.8750605821886,0.0,0.0
470,25.89901986958538,44.63549665103201,0.0,1403.7971948492384,1.4037971948492385,267.87506056996733,0.0,0.0
471,25.898992938658846,44.63549593997122,0.0,1406.7971948493268,1.4067971948493267,267.875060596232,0.0,0.0
472,25.89896600773231,44.635495228910436,0.0,1409.7971948489499,1.4097971948489498,267.875060546277,0.0,0.0
473,25.89893907680577,44.63549451784964,0.0,1412.7971948490383,1.4127971948490383,267.875060572291,0.0,0.0
474,25.898912145879233,44.63549380678883,0.0,1415.7971948491268,1.4157971948491268,267.87506054132814,0.0,0.0
475,25.898885214952696,44.63549309572801,0.0,1418.7971948492498,1.4187971948492497,267.87506058633437,0.0,0.0
476,25.898858284026158,44.63549238466719,0.0,1421.7971948493382,1.4217971948493382,267.8750605741131,0.0,0.0
477,25.898831353099624,44.63549167360635,0.0,1424.7971948489612,1.4247971948489613,267.8750605623933,0.0,0.0
478,25.898804422173086,44.63549096254551,0.0,1427.7971948490497,1.4277971948490498,267.87506059790337,0.0,0.0
479,25.89877749124655,44.63549025148467,0.0,1430.7971948491381,1.430797194849138,267.8750605384522,0.0,0.0
480,25.89875056032001,44.6354895404238,0.0,1433.7971948492266,1.4337971948492265,267.87506058345843,0.0,0.0
481,25.898723629393473,44.63548882936294,0.0,1436.797194849315,1.436797194849315,267.8750605709864,0.0,0.0
482,25.898696698466942,44.63548811830206,0.0,1439.7971948489726,1.4397971948489725,267.8750605500212,0.0,0.0
483,25.898669767540405,44.635487407241165,0.0,1442.797194849061,1.442797194849061,267.87506059502743,0.0,0.0
484,25.898642836613867,44.63548669618028,0.0,1445.7971948491495,1.4457971948491495,267.87506053557627,0.0,0.0
485,25.89861590568733,44.635485985119374,0.0,1448.797194849238,1.448797194849238,267.8750605805825,0.0,0.0
486,25.89858897476079,44.63548527405846,0.0,1451.7971948493264,1.4517971948493265,267.87506055886513,0.0,0.0
487,25.898562043834257,44.63548456299754,0.0,1454.7971948489494,1.4547971948489493,267.8750605566414,0.0,0.0
488,25.89853511290772,44.635483851936606,0.0,1457.7971948490379,1.4577971948490378,267.8750605636631,0.0,0.0
489,25.89850818198118,44.63548314087567,0.0,1460.7971948491609,1.460797194849161,267.8750605611887,0.0,0.0
490,25.898481251054644,44.63548242981472,0.0,1463.7971948492493,1.4637971948492494,267.87506057770656,0.0,0.0
491,25.898454320128106,44.635481718753766,0.0,1466.7971948493378,1.4667971948493377,267.8750605654853,0.0,0.0
492,25.898427389201572,44.6354810076928,0.0,1469.7971948489608,1.4697971948489608,267.8750605822538,0.0,0.0
493,25.898400458275034,44.63548029663183,0.0,1472.7971948490492,1.4727971948490493,267.87506054179494,0.0,0.0
494,25.898373527348497,44.63547958557085,0.0,1475.7971948491377,1.4757971948491377,267.87506059629726,0.0,0.0
495,25.89834659642196,44.635478874509865,0.0,1478.7971948492261,1.4787971948492262,267.8750605745799,0.0,0.0
496,25.898319665495425,44.635478163448866,0.0,1481.7971948493146,1.4817971948493145,267.87506052462487,0.0,0.0
497,25.89829273456889,44.635477452387846,0.0,1484.7971948489721,1.4847971948489722,267.8750605793779,0.0,0.0
498,25.898265803642353,44.63547674132683,0.0,1487.7971948490606,1.4877971948490605,267.8750605958957,0.0,0.0
499,25.898238872715815,44.635476030265814,0.0,1490.797194849149,1.490797194849149,267.87506051745237,0.0,0.0
500,25.898211941789278,44.63547531920477,0.0,1493.7971948492375,1.4937971948492375,267.87506060993917,0.0,0.0
501,25.89818501086274,44.63547460814374,0.0,1496.797194849326,1.496797194849326,267.8750605502373,0.0,0.0
502,25.898158079936206,44.63547389708268,0.0,1499.797194848949,1.499797194848949,267.87506055750976,0.0,0.0
503,25.898131149009668,44.63547318602162,0.0,1502.7971948490374,1.5027971948490373,267.87506056453145,0.0,0.0
504,25.89810421808313,44.63547247496055,0.0,1505.7971948491604,1.5057971948491604,267.8750605905454,0.0,0.0
505,25.898077287156593,44.635471763899474,0.0,1508.7971948492489,1.508797194849249,267.8750605595826,0.0,0.0
506,25.898050356230055,44.63547105283839,0.0,1511.7971948493373,1.5117971948493374,267.87506057534824,0.0,0.0
507,25.898023425303524,44.63547034177729,0.0,1514.7971948489603,1.5147971948489602,267.8750605641299,0.0,0.0
508,25.897996494376986,44.63546963071619,0.0,1517.7971948490488,1.5177971948490487,267.8750605711516,0.0,0.0
509,25.89796956345045,44.635468919655075,0.0,1520.7971948491372,1.5207971948491372,267.87506057842404,0.0,0.0
510,25.89794263252391,44.635468208593956,0.0,1523.7971948492257,1.5237971948492257,267.8750605472106,0.0,0.0
511,25.897915701597373,44.63546749753282,0.0,1526.7971948493487,1.5267971948493486,267.8750605822192,0.0,0.0
512,25.89788877067084,44.63546678647169,0.0,1529.7971948489717,1.5297971948489717,267.8750605517579,0.0,0.0
513,25.8978618397443,44.63546607541054,0.0,1532.7971948490601,1.5327971948490602,267.8750605872679,0.0,0.0
514,25.897834908817764,44.635465364349386,0.0,1535.7971948491486,1.5357971948491487,267.8750605847935,0.0,0.0
515,25.897807977891226,44.635464653288224,0.0,1538.797194849237,1.538797194849237,267.87506054433464,0.0,0.0
516,25.89778104696469,44.63546394222705,0.0,1541.7971948493255,1.5417971948493254,267.87506056060175,0.0,0.0
517,25.897754116038154,44.635463231165865,0.0,1544.7971948489485,1.5447971948489485,267.87506055837804,0.0,0.0
518,25.897727185111616,44.63546252010467,0.0,1547.7971948490715,1.5477971948490714,267.87506056539974,0.0,0.0
519,25.89770025418508,44.63546180904347,0.0,1550.79719484916,1.55079719484916,267.87506057242143,0.0,0.0
520,25.89767332325854,44.63546109798226,0.0,1553.7971948492484,1.5537971948492484,267.8750605889393,0.0,0.0
521,25.897646392332003,44.635460386921054,0.0,1556.7971948493368,1.5567971948493369,267.8750605387336,0.0,0.0
522,25.89761946140547,44.63545967585982,0.0,1559.7971948489599,1.55979719484896,267.8750605555021,0.0,0.0
523,25.89759253047893,44.63545896479859,0.0,1562.7971948490483,1.5627971948490482,267.87506059101213,0.0,0.0
524,25.897565599552394,44.63545825373735,0.0,1565.7971948491368,1.5657971948491367,267.8750605980339,0.0,0.0
525,25.897538668625856,44.6354575426761,0.0,1568.7971948492252,1.5687971948492252,267.87506051959053,0.0,0.0
526,25.89751173769932,44.63545683161483,0.0,1571.7971948493482,1.5717971948493483,267.8750605833382,0.0,0.0
527,25.897484806772784,44.63545612055356,0.0,1574.7971948489712,1.5747971948489712,267.87506056212226,0.0,0.0
528,25.897457875846246,44.63545540949228,0.0,1577.7971948490597,1.5777971948490597,267.8750605881362,0.0,0.0
529,25.89743094491971,44.635454698431005,0.0,1580.7971948491481,1.5807971948491482,267.87506055717347,0.0,0.0
530,25.89740401399317,44.6354539873697,0.0,1583.7971948492366,1.5837971948492366,267.8750605926835,0.0,0.0
531,25.897377083066633,44.635453276308404,0.0,1586.797194849325,1.5867971948493251,267.8750605424778,0.0,0.0
532,25.8973501521401,44.635452565247085,0.0,1589.797194848948,1.589797194848948,267.87506054975023,0.0,0.0
533,25.89732322121356,44.63545185418576,0.0,1592.797194849071,1.5927971948490711,267.87506058526026,0.0,0.0
534,25.897296290287024,44.635451143124435,0.0,1595.7971948491595,1.5957971948491596,267.87506055429753,0.0,0.0
535,25.897269359360486,44.635450432063095,0.0,1598.797194849248,1.5987971948492479,267.87506058006073,0.0,0.0
536,25.89724242843395,44.63544972100175,0.0,1601.7971948493364,1.6017971948493364,267.8750605585941,0.0,0.0
537,25.897215497507418,44.63544900994039,0.0,1604.7971948489594,1.6047971948489594,267.87506056586653,0.0,0.0
538,25.89718856658088,44.63544829887903,0.0,1607.7971948490479,1.607797194849048,267.87506056339214,0.0,0.0
539,25.897161635654342,44.63544758781765,0.0,1610.7971948491363,1.6107971948491362,267.8750605609177,0.0,0.0
540,25.897134704727804,44.63544687675627,0.0,1613.7971948492593,1.6137971948492593,267.87506057743553,0.0,0.0
541,25.897107773801267,44.63544616569488,0.0,1616.7971948493478,1.6167971948493478,267.87506059370264,0.0,0.0
542,25.897080842874733,44.635445454633484,0.0,1619.7971948489708,1.6197971948489707,267.87506053450227,0.0,0.0
543,25.897053911948195,44.635444743572066,0.0,1622.7971948490592,1.6227971948490592,267.8750605795084,0.0,0.0
544,25.897026981021657,44.635444032510655,0.0,1625.7971948491477,1.6257971948491476,265.9022998013701,0.0,0.0
545,25.897000125199774,44.635442663429714,0.0,1628.7944332859986,1.6287944332859985,262.8383047093432,0.0,0.0
546,25.896973385994194,44.6354402726303,0.0,1631.7944332859533,1.6317944332859533,262.8383047295982,0.0,0.0
547,25.896946646788606,44.635437881830796,0.0,1634.794433286254,1.6347944332862538,262.83830467021,0.0,0.0
548,25.89691990758303,44.63543549103118,0.0,1637.7944332862087,1.6377944332862087,262.8383047187505,0.0,0.0
549,25.89689316837745,44.635433100231474,0.0,1640.7944332861634,1.6407944332861635,242.38076599855228,0.0,0.0
550,25.89687019238592,44.635424545913345,0.0,1643.6810442364817,1.6436810442364818,230.19458212892064,0.0,0.0
551,25.896849489194462,44.63541226912481,0.0,1646.68104423593,1.6466810442359299,230.1945821144738,0.0,0.0
552,25.896828786003006,44.63539999233367,0.0,1649.681044236332,1.6496810442363319,230.19458212761398,0.0,0.0
553,25.896808082811546,44.635387715539935,0.0,1652.6810442363762,1.6526810442363762,230.19458212343847,0.0,0.0
554,25.89678737962009,44.6353754387436,0.0,1655.6810442364206,1.6556810442364205,230.19458209872016,0.0,0.0
555,25.896766676428637,44.63536316194467,0.0,1658.681044236465,1.658681044236465,230.19458212510284,0.0,0.0
556,25.89674597323718,44.63535088514315,0.0,1661.6810442365093,1.6616810442365093,230.19458210038448,0.0,0.0
557,25.896725270045728,44.63533860833902,0.0,1664.6810442365536,1.6646810442365536,230.1945821340672,0.0,0.0
558,25.89670456685427,44.6353263315323,0.0,1667.6810442360018,1.6676810442360017,230.19458211232,0.0,0.0
559,25.89668386366282,44.63531405472298,0.0,1670.681044236046,1.670681044236046,225.89019362208919,0.0,0.0
560,25.89666465014333,44.63530080088806,0.0,1673.6598994790136,1.6736598994790135,215.13799997464267,0.0,0.0
561,25.8966491394454,44.635285118500164,0.0,1676.6598994790365,1.6766598994790365,215.13799998835873,0.0,0.0
562,25.896633628747473,44.63526943610803,0.0,1679.6598994790595,1.6796598994790595,215.13799998560654,0.0,0.0
563,25.89661811804955,44.635253753711666,0.0,1682.6598994790825,1.6826598994790825,215.13800000497332,0.0,0.0
564,25.896602607351618,44.63523807131106,0.0,1685.6598994791054,1.6856598994791054,215.13799996934523,0.0,0.0
565,25.89658709665369,44.63522238890621,0.0,1688.6598994791284,1.6886598994791284,215.1379999994687,0.0,0.0
566,25.896571585955762,44.63520670649712,0.0,1691.6598994791514,1.6916598994791514,215.13799998030868,0.0,0.0
567,25.896556075257838,44.6351910240838,0.0,1694.6598994791743,1.6946598994791744,215.13799999414553,0.0,0.0
568,25.89654056455991,44.63517534166624,0.0,1697.6598994791973,1.6976598994791974,202.66731494270851,0.0,0.0
569,25.89653037811444,44.635157985467515,0.0,1700.6023224257183,1.7006023224257183,192.53177035151205,0.0,0.0
570,25.8965245305967,44.63513926524122,0.0,1703.6023224256758,1.7036023224256758,192.53177033983525,0.0,0.0
571,25.896518683078966,44.635120545008895,0.0,1706.602322425532,1.706602322425532,192.5317703434221,0.0,0.0
572,25.896512835561232,44.63510182477053,0.0,1709.6023224253884,1.7096023224253885,192.53177034783945,0.0,0.0
573,25.89650698804349,44.63508310452611,0.0,1712.6023224253458,1.712602322425346,192.53177034441006,0.0,0.0
574,25.896501140525757,44.635064384275665,0.0,1715.6023224252021,1.7156023224252022,192.53177034882734,0.0,0.0
575,25.896495293008016,44.635045664019174,0.0,1718.6023224260687,1.7186023224260687,192.53177033921224,0.0,0.0
576,25.896489445490282,44.63502694375665,0.0,1721.602322425925,1.721602322425925,192.531770351877,0.0,0.0
577,25.89648359797254,44.635008223488086,0.0,1724.6023224258824,1.7246023224258824,192.5317703463856,0.0,0.0
578,25.896477750454807,44.63498950321348,0.0,1727.6023224257387,1.7276023224257389,169.28817230593154,0.0,0.0
579,25.89648264983999,44.6349710728734,0.0,1730.536624632681,1.730536624632681,163.12576727216538,0.0,0.0
580,25.896490472508265,44.63495272139471,0.0,1733.5366246324702,1.7335366246324702,163.12576727765918,0.0,0.0
581,25.89649829517655,44.634934369910205,0.0,1736.5366246332858,1.7365366246332858,163.12576726851137,0.0,0.0
582,25.896506117844826,44.63491601841991,0.0,1739.536624633075,1.739536624633075,163.12576726753423,0.0,0.0
583,25.89651394051311,44.6348976669238,0.0,1742.5366246329993,1.7425366246329992,163.12576727960322,0.0,0.0
584,25.896521763181386,44.63487931542189,0.0,1745.5366246327885,1.7455366246327886,163.12576726388033,0.0,0.0
585,25.89652958584967,44.63486096391418,0.0,1748.5366246327128,1.7485366246327128,163.12576728698275,0.0,0.0
586,25.896537408517947,44.63484261240066,0.0,1751.536624632502,1.751536624632502,163.12576726022667,0.0,0.0
587,25.89654523118623,44.63482426088134,0.0,1754.5366246333176,1.7545366246333176,150.5397552299819,0.0,0.0
588,25.896558321024028,44.63480777048181,0.0,1757.499407067771,1.757499407067771,144.0608469946688,0.0,0.0
589,25.896574138353355,44.634792243822076,0.0,1760.499407067653,1.760499407067653,144.06084702170284,0.0,0.0
590,25.89658995568268,44.634776717158175,0.0,1763.499407067535,1.763499407067535,144.06084700422116,0.0,0.0
591,25.89660577301201,44.63476119049013,0.0,1766.499407068171,1.766499407068171,144.0608470033689,0.0,0.0
592,25.896621590341336,44.63474566381793,0.0,1769.499407068053,1.769499407068053,144.0608469857849,0.0,0.0
593,25.896637407670667,44.63473013714159,0.0,1772.4994070682083,1.7724994070682083,144.06084701271664,0.0,0.0
594,25.896653224999994,44.634714610461074,0.0,1775.4994070680902,1.7754994070680903,144.0608470008125,0.0,0.0
595,25.89666904232932,44.63469908377642,0.0,1778.4994070679722,1.7784994070679723,144.06084701658972,0.0,0.0
596,25.89668485965865,44.6346835570876,0.0,1781.4994070678542,1.7814994070678543,144.0608469881588,0.0,0.0
597,25.896700676987983,44.63466803039463,0.0,1784.4994070680095,1.7844994070680096,144.06084699247418,0.0,0.0
598,25.896716494317307,44.63465250369751,0.0,1787.4994070678915,1.7874994070678916,144.0608469974045,0.0,0.0
599,25.896732311646637,44.634636976996234,0.0,1790.4994070677735,1.7904994070677736,144.0608470132845,0.0,0.0
600,25.896748128975965,44.634621450290794,0.0,1793.4994070676555,1.7934994070676555,133.60395031011427,0.0,0.0
601,25.896767413797523,44.63460838014039,0.0,1796.4640592936155,1.7964640592936154,126.1931418156048,0.0,0.0
602,25.896789162843877,44.63459705577761,0.0,1799.4640592936425,1.7994640592936426,126.19314181311319,0.0,0.0
603,25.89681091189023,44.63458573141261,0.0,1802.4640592936696,1.8024640592936696,126.19314182196615,0.0,0.0
604,25.896832660936592,44.634574407045406,0.0,1805.4640592940723,1.8054640592940723,126.1931418164333,0.0,0.0
605,25.896854409982943,44.634563082675996,0.0,1808.4640592940993,1.8084640592940993,126.19314183295518,0.0,0.0
606,25.896876159029297,44.63455175830437,0.0,1811.4640592941264,1.8114640592941265,126.19314179978835,0.0,0.0
607,25.896897908075655,44.634540433930546,0.0,1814.4640592936034,1.8144640592936034,126.19314180927597,0.0,0.0
608,25.89691965712201,44.63452910955451,0.0,1817.4640592936305,1.8174640592936304,126.19314184145276,0.0,0.0
609,25.89694140616836,44.63451778517625,0.0,1820.4640592936576,1.8204640592936576,126.1931418006173,0.0,0.0
610,25.896963155214717,44.63450646079579,0.0,1823.4640592936846,1.8234640592936846,126.19314184046289,0.0,0.0
611,25.89698490426107,44.63449513641311,0.0,1826.4640592937117,1.8264640592937116,126.19314181496509,0.0,0.0
612,25.89700665330743,44.63448381202823,0.0,1829.4640592941143,1.8294640592941143,126.19314182445282,0.0,0.0
613,25.897028402353783,44.63447248764114,0.0,1832.4640592941414,1.8324640592941415,121.58265038290608,0.0,0.0
614,25.897050856762746,44.63446266418381,0.0,1835.398272167658,1.835398272167658,90.78855945938182,0.0,0.0
615,25.89707780366888,44.63446240025215,0.0,1838.3982721678744,1.8383982721678744,90.78855946529745,0.0,0.0
616,25.89710475057501,44.63446213632049,0.0,1841.3982721676252,1.8413982721676252,90.78855949962474,0.0,0.0
617,25.897131697481143,44.63446187238882,0.0,1844.3982721678417,1.8443982721678418,90.78855943912231,0.0,0.0
618,25.897158644387275,44.63446160845716,0.0,1847.3982721675925,1.8473982721675926,90.78855949235975,0.0,0.0
619,25.89718559129341,44.63446134452549,0.0,1850.3982721677962,1.8503982721677963,90.78855943213648,0.0,0.0
620,25.897212538199536,44.63446108059383,0.0,1853.398272167547,1.853398272167547,90.78855949478248,0.0,0.0
621,25.897239485105672,44.634460816662155,0.0,1856.3982721677635,1.8563982721677634,90.78855947228635,0.0,0.0
622,25.8972664320118,44.63446055273049,0.0,1859.3982721675143,1.8593982721675142,90.78855944960418,0.0,0.0
623,25.897293378917936,44.63446028879882,0.0,1862.3982721677307,1.8623982721677308,90.78855946502136,0.0,0.0
624,25.89732032582407,44.634460024867145,0.0,1865.3982721674815,1.8653982721674816,90.78855948053166,0.0,0.0
625,25.8973472727302,44.63445976093548,0.0,1868.3982721676853,1.8683982721676853,90.78855944834788,0.0,0.0
626,25.897374219636337,44.6344594970038,0.0,1871.3982721679017,1.8713982721679017,90.78855947335967,0.0,0.0
627,25.897401166542465,44.63445923307212,0.0,1874.3982721676525,1.8743982721676524,90.78855946977376,0.0,0.0
628,25.897428113448598,44.634458969140454,0.0,1877.398272167869,1.877398272167869,90.78855946618773,0.0,0.0
629,25.89745506035473,44.63445870520877,0.0,1880.3982721676198,1.8803982721676198,90.78855945300711,0.0,0.0
630,25.897482007260862,44.6344584412771,0.0,1883.3982721678362,1.8833982721678362,90.7885594685174,0.0,0.0
631,25.897508954166994,44.634458177345415,0.0,1886.3982721675743,1.8863982721675743,90.78855948374849,0.0,0.0
632,25.89753590107313,44.63445791341373,0.0,1889.3982721677908,1.8893982721677907,90.78855945202997,0.0,0.0
633,25.897562847979255,44.63445764948205,0.0,1892.3982721675416,1.8923982721675416,87.10801028437186,0.0,0.0
634,25.897589750308946,44.63445861657848,0.0,1895.3968447048292,1.895396844704829,86.25931410926262,0.0,0.0
635,25.89761664235307,44.63445986772202,0.0,1898.3968447048517,1.8983968447048516,86.2593141430716,0.0,0.0
636,25.8976435343972,44.63446111886553,0.0,1901.3968447048742,1.9013968447048741,86.25931411006371,0.0,0.0
637,25.89767042644133,44.63446237000902,0.0,1904.3968447048967,1.9043968447048967,86.25931411410244,0.0,0.0
638,25.897697318485456,44.634463621152484,0.0,1907.39684470498,1.9073968447049798,86.25931410954126,0.0,0.0
639,25.897724210529578,44.63446487229592,0.0,1910.396844704538,1.9103968447045379,86.2593140963802,0.0,0.0
640,25.897751102573707,44.63446612343933,0.0,1913.3968447045604,1.9133968447045604,86.25931415775358,0.0,0.0
641,25.897777994617833,44.634467374582705,0.0,1916.396844704583,1.916396844704583,86.25931412474563,0.0,0.0
642,25.89780488666196,44.63446862572606,0.0,1919.3968447046661,1.919396844704666,86.2593141111434,0.0,0.0
643,25.897831778706088,44.63446987686939,0.0,1922.3968447046886,1.9223968447046886,86.25931412554667,0.0,0.0
644,25.897858670750217,44.63447112801268,0.0,1925.3968447047112,1.9253968447047112,86.25931410202105,0.0,0.0
645,25.897885562794347,44.63447237915595,0.0,1928.3968447047337,1.9283968447047337,86.259314115542,0.0,0.0
646,25.897912454838472,44.634473630299205,0.0,1931.3968447048169,1.9313968447048169,86.25931412090426,0.0,0.0
647,25.8979393468826,44.63447488144242,0.0,1934.3968447048394,1.9343968447048394,86.25931412626647,0.0,0.0
648,25.897966238926728,44.634476132585604,0.0,1937.396844704862,1.937396844704862,86.25931412126414,0.0,0.0
649,25.897993130970853,44.63447738372877,0.0,1940.3968447049451,1.9403968447049451,86.25931411670297,0.0,0.0
650,25.89802002301498,44.634478634871904,0.0,1943.3968447049676,1.9433968447049677,86.2593141311063,0.0,0.0
651,25.898046915059105,44.634479886015015,0.0,1946.3968447045256,1.9463968447045257,86.259314117504,0.0,0.0
652,25.898073807103234,44.6344811371581,0.0,1949.3968447045481,1.9493968447045482,86.25931411206057,0.0,0.0
653,25.89810069914736,44.63448238830116,0.0,1952.3968447046313,1.9523968447046314,86.25932280490338,0.0,0.0
654,25.898103099999997,44.63448249999999,0.0,1952.6646770004015,1.9526646770004015,86.25932280490338,0.0,0.0
