hour,avg_irradiance_wm2,max_irradiance_wm2,avg_power_w,avg_shadow_factor
0,0.0,0.0,0.0,0.9984358526697517
1,0.0,0.0,0.0,0.9991009891584186
2,0.0,0.0,0.0,0.9997233573763492
3,0.0,0.0,0.0,1.0
4,0.0,0.0,0.0,1.0
5,0.0,0.0,0.0,1.0
6,0.9440006564094607,1.004733572211053,0.9062406301530823,1.0
7,34.58787041690223,36.72277510219372,33.20435560022614,1.0
8,129.81249216301987,137.63908387847368,124.61999247649906,1.0
9,278.8809710144914,295.6112746726077,267.72573217391175,1.0
10,456.90478568862164,484.6547425861178,438.6285942610768,1.0
11,628.2521304720459,668.3605493072188,603.1220452531641,0.999724932496628
12,753.9705123469391,808.7993087421635,723.8116918530616,0.9987878288162235
13,807.2683077369829,875.9540084057281,774.9775754275036,0.9987208065812874
14,799.3048349471358,855.2418670710401,767.3326415492503,1.0
15,706.2587578095593,751.1931338053844,678.0084074971769,0.998013693415587
16,551.5989321887541,586.2714605180254,529.5349749012039,0.9973588391002046
17,371.2623146918228,395.2840478413665,356.41182210414985,0.9968299270823938
18,203.06487132727062,216.62510223943966,194.94227647417978,0.9971971541448703
19,77.4265218820967,82.82735160166362,74.32946100681282,0.9972292224748562
20,11.681329452789385,12.53993232134149,11.214076274677808,0.9972965627586298
21,0.0,0.0,0.0,0.9974100608456735
22,0.0,0.0,0.0,0.9976559041305598
23,0.0,0.0,0.0,0.9978329877664437
