point_id,sector,distance_m,distance_km,segment_center_lon,segment_center_lat,irradiance_wm2,power_w,shadow_factor,solar_score
578,Sector 3,1727.6023224257387,1.7276023224257389,25.896480200147398,44.63498028804344,394.63024151184794,378.845031851374,1.0,1.0
574,Sector 3,1715.602322425202,1.7156023224252022,25.896498216766886,44.63505502414742,394.6295718611307,378.8443889866855,1.0,0.999998812165281
138,Sector 1,413.1252901181167,0.4131252901181166,25.89765879822717,44.63455465146389,394.6282990275407,378.8431670664391,1.0,0.9999965543973268
132,Sector 1,395.12529011828406,0.395125290118284,25.897662610392775,44.63466968317236,394.62825468149254,378.8431244942328,1.0,0.9999964757357584
63,Sector 1,188.52129997511835,0.1885212999751183,25.898973288321024,44.6350845557413,394.6281458428827,378.8430200091674,1.0,0.999996282676487
134,Sector 1,401.1252901185386,0.4011252901185386,25.897661339670904,44.63463133929487,394.6266699572787,378.84160315898754,1.0,0.9999936647323608
133,Sector 1,398.1252901184113,0.3981252901184113,25.897661975031838,44.634650511236785,394.6259632313253,378.84092470207224,1.0,0.9999924111331295
575,Sector 3,1718.602322426069,1.7186023224260687,25.896492369249145,44.63503630388791,394.62461727095746,378.83963258011914,1.0,0.9999900236519932
292,Sector 2,870.7302787675586,0.8707302787675586,25.899242971921048,44.63482284391663,394.623525822444,378.8385847895462,1.0,0.9999880876271297
577,Sector 3,1724.6023224258824,1.7246023224258824,25.896480674213674,44.63499886335079,394.6226745596835,378.8377675772962,1.0,0.9999865776467236
248,Sector 2,739.123945872472,0.739123945872472,25.900183575108933,44.63499724731954,394.6225930504322,378.8376893284149,1.0,0.9999864330646062
129,Sector 1,386.12529011884425,0.3861252901188442,25.897664516475572,44.63472719894109,394.6214179898644,378.83656127026984,1.0,0.9999843487276474
131,Sector 1,392.12529011816775,0.3921252901181677,25.897663245753705,44.6346888551016,394.6214179898607,378.83656127026626,1.0,0.9999843487276407
128,Sector 1,383.125290118717,0.383125290118717,25.897665151836506,44.63474637085133,394.6214179898605,378.8365612702661,1.0,0.9999843487276405
130,Sector 1,389.1252901180405,0.3891252901180405,25.89766388111464,44.634708027024516,394.62141798986045,378.83656127026603,1.0,0.9999843487276403
