point_id,sector,distance_m,distance_km,segment_center_lon,segment_center_lat,live_avg_irradiance_wm2,live_power_w,live_shadow_factor,solar_score
0,Sector 1,0.0,0.0,25.898095007665,44.634490166924536,0.0,0.0,1.0,0.3
450,Sector 3,1343.7971948492277,1.3437971948492275,25.899545022652852,44.6355105167155,0.0,0.0,1.0,0.3
432,Sector 2,1289.7971948489626,1.2897971948489626,25.900029779330517,44.63552331580502,0.0,0.0,1.0,0.3
433,Sector 2,1292.797194849051,1.292797194849051,25.90000284840397,44.63552260474456,0.0,0.0,1.0,0.3
434,Sector 2,1295.7971948491395,1.2957971948491396,25.899975917477434,44.6355218936841,0.0,0.0,1.0,0.3
435,Sector 2,1298.797194849228,1.2987971948492278,25.8999489865509,44.63552118262362,0.0,0.0,1.0,0.3
436,Sector 3,1301.7971948493164,1.3017971948493163,25.899922055624366,44.63552047156314,0.0,0.0,1.0,0.3
437,Sector 3,1304.7971948489394,1.3047971948489394,25.899895124697828,44.63551976050266,0.0,0.0,1.0,0.3
438,Sector 3,1307.7971948490278,1.307797194849028,25.89986819377129,44.635519049442166,0.0,0.0,1.0,0.3
439,Sector 3,1310.7971948491509,1.3107971948491508,25.899841262844753,44.63551833838166,0.0,0.0,1.0,0.3
440,Sector 3,1313.7971948492393,1.3137971948492393,25.899814331918215,44.635517627321136,0.0,0.0,1.0,0.3
441,Sector 3,1316.7971948493278,1.3167971948493278,25.899787400991677,44.63551691626061,0.0,0.0,1.0,0.3
442,Sector 3,1319.7971948489508,1.3197971948489509,25.899760470065146,44.63551620520008,0.0,0.0,1.0,0.3
443,Sector 3,1322.7971948490392,1.3227971948490391,25.89973353913861,44.63551549413954,0.0,0.0,1.0,0.3
444,Sector 3,1325.7971948491277,1.3257971948491276,25.89970660821207,44.63551478307899,0.0,0.0,1.0,0.3
