clock_hour,avg_solar_energy_wh,total_solar_energy_wh,avg_battery_kwh
0,0.0,0.0,0.0
1,0.0,0.0,0.0
2,0.0,0.0,0.0
3,0.0,0.0,0.0
4,0.0,0.0,0.0
5,0.0,0.0,0.0
6,0.0,0.0,0.0
7,0.05471853452194841,0.32831120713169043,0.0
8,1.4538402423842347,17.446082908610816,0.0
9,6.268350931492581,68.95186024641839,0.0
10,13.574510465469785,162.89412558563743,0.0
11,21.18415850789882,233.02574358688705,0.0
12,26.812624198431013,294.93886618274115,0.0
13,29.586953214199838,355.04343857039805,5.6839853066268615
14,27.434199830494503,329.210397965934,0.5607872583078451
15,21.66378152494486,238.30159677439346,0.0
16,13.928398278933033,167.1407793471964,0.0
17,6.491329378888906,71.40462316777797,0.0
18,3.157930681754527,6.315861363509054,0.0
19,0.013551708172936522,0.13551708172936522,0.0
20,0.0,0.0,0.0
21,0.0,0.0,0.0
22,0.0,0.0,0.0
23,0.0,0.0,0.0
