timestamp_utc,gps_latitude,gps_longitude,point_id,distance_to_track_m,active_mppt_count,calculated_solar_power_w,measured_solar_power_w,error_w,absolute_error_w,error_percent,irradiance_wm2,shadow_factor,orientation_factor,pitch_factor,weather_source,MPPT1_MeasuredPower_W,MPPT2_MeasuredPower_W,MPPT3_MeasuredPower_W,MPPT4_MeasuredPower_W
2026-06-10 05:20:00+00:00,44.63582992553711,25.90196990966797,386,103.64014538726043,1,159.7789851812464,0.0,-159.7789851812464,159.7789851812464,-100.0,166.43644289713168,1.0,0.0,1.0,clear-sky,,,-0.0,
2026-06-10 05:27:00+00:00,44.63582992553711,25.901994705200195,386,105.87566415051023,1,175.2904297542389,138.178045,-37.11238475423889,37.11238475423889,-21.17194008039759,182.59419766066551,1.0,0.0,1.0,clear-sky,,185.09553,91.26056,
2026-06-10 05:28:00+00:00,44.635841369628906,25.90196990966797,386,104.71142453432365,1,177.55361498831692,0.0,-177.55361498831692,177.55361498831692,-100.0,184.9516822794968,1.0,0.0,1.0,clear-sky,-0.0,,,-0.0
2026-06-10 05:34:00+00:00,44.63582229614258,25.9019775390625,386,103.62688914971756,1,191.37059843054746,50.861025000000005,-140.50957343054745,140.50957343054745,-73.42275907735191,199.34437336515361,1.0,0.0,1.0,clear-sky,50.861025000000005,,,
2026-06-10 05:36:00+00:00,44.63581466674805,25.90069580078125,407,42.80398519743553,1,196.0642674396955,177.80748000000003,-18.256787439695472,18.256787439695472,-9.31163422999084,204.23361191634947,1.0,0.0,1.0,clear-sky,,,,177.80748000000003
2026-06-10 05:37:00+00:00,44.63564300537109,25.90064239501953,410,16.238123775781535,1,198.42710361198667,640.5840000000001,442.15689638801337,442.15689638801337,222.8308977651697,206.69489959581946,1.0,0.0,1.0,clear-sky,640.5840000000001,,,
2026-06-10 05:38:00+00:00,44.63559722900391,25.90118408203125,393,15.716302317392016,1,200.80045631882737,239.27951500000003,38.47905868117266,38.47905868117266,19.162834281649392,209.16714199877853,1.0,0.0,1.0,clear-sky,,,,239.27951500000003
2026-06-10 05:44:00+00:00,44.63505554199219,25.900078773498535,253,7.593845092957322,1,215.25494154340987,1522.7835,1307.5285584565902,1307.5285584565902,607.4325397974218,224.22389744105195,1.0,0.0,1.0,clear-sky,,,1522.7835,
2026-06-10 05:45:00+00:00,44.63495635986328,25.89769744873047,118,3.159609514415122,1,217.69865126846463,102.5715975,-115.12705376846463,115.12705376846463,-52.883678009787324,226.76942840465065,1.0,0.0,1.0,clear-sky,,,-0.0,205.143195
2026-06-10 05:46:00+00:00,44.63515281677246,25.899516105651855,274,14.654064640598099,3,220.15193582768012,5.45691,-214.69502582768013,214.69502582768013,-97.52129819822648,229.32493315383346,1.0,0.0,1.0,clear-sky,5.1339749999999995,1.5786300000000002,,12.963334999999999
2026-06-10 05:50:00+00:00,44.635244369506836,25.899242401123047,279,32.54576093265671,1,230.05837686438906,2.3354125000000003,-227.72296436438907,227.72296436438907,-98.98486091581155,239.64414256707195,1.0,0.0,1.0,clear-sky,2.3354125000000003,,,
2026-06-10 05:52:00+00:00,44.63505935668945,25.899060249328613,62,6.870260466392205,1,235.06584386463524,0.0,-235.06584386463524,235.06584386463524,-100.0,244.86025402566173,1.0,0.0,1.0,clear-sky,,,-0.0,
2026-06-10 05:54:00+00:00,44.6348876953125,25.89856719970703,39,4.966879581239374,1,265.78009238134445,0.0,-265.78009238134445,265.78009238134445,-100.0,276.8542628972338,1.0,0.9622649031873501,1.0,clear-sky,-0.0,,,
2026-06-10 05:57:00+00:00,44.635066986083984,25.898881912231445,65,9.346756796038832,1,247.7346226162014,0.0,-247.7346226162014,247.7346226162014,-100.0,258.05689855854314,1.0,0.0,1.0,clear-sky,,-0.0,,
2026-06-10 05:59:00+00:00,44.63501739501953,25.89805316925049,99,14.397196240268153,1,252.8594695086616,0.0,-252.8594695086616,252.8594695086616,-100.0,263.3952807381892,1.0,0.0,1.0,clear-sky,,-0.0,,-0.0
2026-06-10 06:04:00+00:00,44.63521957397461,25.900144577026367,251,33.96395337212391,1,265.80571575946306,162.46942499999997,-103.33629075946308,103.33629075946308,-38.87662477994857,276.8809539161074,1.0,0.0,1.0,clear-sky,324.93884999999995,-0.0,,
2026-06-10 06:05:00+00:00,44.63521957397461,25.900129318237305,252,33.7242817134572,1,268.4168868880501,218.25785000000002,-50.15903688805008,50.15903688805008,-18.686990028675112,279.60092384171884,1.0,0.0,1.0,clear-sky,137.3386,299.1771,,
2026-06-10 06:06:00+00:00,44.63521194458008,25.900135040283203,252,32.63294230978944,1,271.03505080964345,16.711750000000002,-254.32330080964346,254.32330080964346,-93.83410007300598,282.32817792671193,1.0,0.0,1.0,clear-sky,,,,16.711750000000002
2026-06-10 06:07:00+00:00,44.63521194458008,25.90013885498047,252,32.70084497219456,1,273.66006709576845,340.14952500000004,66.48945790423159,66.48945790423159,24.296368341151993,285.0625698914255,1.0,0.0,1.0,clear-sky,340.14952500000004,,,
2026-06-10 06:08:00+00:00,44.63521194458008,25.900135040283203,252,32.63294230978944,1,276.2917999188923,229.824,-46.4677999188923,46.4677999188923,-16.818378226401688,287.8039582488462,1.0,0.0,1.0,clear-sky,,,,229.824
2026-06-10 06:09:00+00:00,44.63520431518555,25.900129318237305,252,31.358939592337936,1,278.9301110390628,0.0,-278.9301110390628,278.9301110390628,-100.0,290.55219899902374,1.0,0.0,1.0,clear-sky,,,-0.0,
2026-06-10 06:11:00+00:00,44.63520431518555,25.90014266967773,251,31.5675027872919,1,284.22591196800033,59.17566,-225.05025196800034,225.05025196800034,-79.18006152561406,296.0686583000004,1.0,0.0,1.0,clear-sky,,59.17566,,
2026-06-10 06:17:00+00:00,44.63524627685547,25.900053024291992,255,36.78316018687222,2,300.25662176382735,1010.2925025,710.0358807361727,710.0358807361727,236.47634365734825,312.76731433732016,1.0,0.0,1.0,clear-sky,895.502025,,229.580955,
2026-06-10 06:18:00+00:00,44.63524627685547,25.900049209594727,255,36.73007129604673,1,302.9478127508855,0.0,-302.9478127508855,302.9478127508855,-100.0,315.5706382821724,1.0,0.0,1.0,clear-sky,,-0.0,,
2026-06-10 06:19:00+00:00,44.63524627685547,25.900056838989254,255,36.84106763877762,1,305.6441654961845,270.169515,-35.474650496184495,35.474650496184495,-11.60651977066035,318.3793390585255,1.0,0.0,1.0,clear-sky,,,,270.169515
2026-06-10 06:20:00+00:00,44.63524627685547,25.900056838989254,255,36.84106763877762,1,308.34553514623457,0.0,-308.34553514623457,308.34553514623457,-100.0,321.19326577732767,1.0,0.0,1.0,clear-sky,,-0.0,-0.0,
2026-06-10 06:24:00+00:00,44.63524627685547,25.900049209594727,255,36.73007129604673,1,319.1982669466474,0.0,-319.1982669466474,319.1982669466474,-100.0,332.498194736091,1.0,0.0,1.0,clear-sky,,,,-0.0
2026-06-10 06:25:00+00:00,44.63523864746094,25.900056838989254,255,35.66005039076598,1,321.92252968761267,261.52448000000004,-60.39804968761263,60.39804968761263,-18.761672178154697,335.33596842459656,1.0,0.0,1.0,clear-sky,,,,261.52448000000004
2026-06-10 06:30:00+00:00,44.6353759765625,25.900300979614254,423,24.16664653058601,1,335.6029206787546,0.0,-335.6029206787546,335.6029206787546,-100.0,349.58637570703604,1.0,0.0,1.0,clear-sky,,,-0.0,
2026-06-10 06:32:00+00:00,44.63530349731445,25.89952564239502,452,32.30351741064147,1,341.09985471588993,796.8032,455.70334528411,455.70334528411,133.59822321345638,355.3123486623854,1.0,0.0,1.0,clear-sky,,796.8032,,
2026-06-10 06:33:00+00:00,44.6352767944336,25.899272918701172,461,35.414804108171374,1,343.85302951470806,0.0,-343.85302951470806,343.85302951470806,-100.0,358.1802390778209,1.0,0.0,1.0,clear-sky,,,-0.0,
2026-06-10 06:34:00+00:00,44.63539123535156,25.899946212768555,436,20.307898950358734,1,346.6091409427144,0.0,-346.6091409427144,346.6091409427144,-100.0,361.0511884819942,1.0,0.0,1.0,clear-sky,,-0.0,,
2026-06-10 06:39:00+00:00,44.63528251647949,25.89938735961914,457,34.998251222054826,1,360.42841703975597,0.0,-360.42841703975597,360.42841703975597,-100.0,375.4462677497458,1.0,0.0,1.0,clear-sky,,,-0.0,
2026-06-10 06:40:00+00:00,44.63531875610352,25.900089263916016,431,32.2377235045059,1,363.1989466216599,186.74064,-176.4583066216599,176.4583066216599,-48.584476431721164,378.33223606422905,1.0,0.0,1.0,clear-sky,,186.74064,,
2026-06-10 06:41:00+00:00,44.63490295410156,25.897741317749023,120,7.940491335318464,1,370.69611123259205,205.99649,-164.69962123259205,164.69962123259205,-44.42982169005054,386.14178253395005,1.0,0.1161920034198188,1.0,clear-sky,,,,205.99649
2026-06-10 06:45:00+00:00,44.63494873046875,25.898707389831543,45,15.475575109397482,1,417.72246032868475,0.0,-417.72246032868475,417.72246032868475,-100.0,435.12756284238,1.0,0.9701318006143693,1.0,clear-sky,,-0.0,,
2026-06-10 06:46:00+00:00,44.63505935668945,25.898749351501465,73,10.494443088649874,1,379.8558718545016,0.0,-379.8558718545016,379.8558718545016,-100.0,395.68319984843913,1.0,0.0,1.0,clear-sky,,,,-0.0
2026-06-10 06:50:00+00:00,44.63516616821289,25.898344039916992,88,7.773471145554751,1,390.9812462687316,0.0,-390.9812462687316,390.9812462687316,-100.0,407.27213152992874,1.0,0.0,1.0,clear-sky,-0.0,-0.0,-0.0,
2026-06-10 07:04:00+00:00,44.63526153564453,25.900035858154297,256,38.9172029499572,1,429.89271142612387,405.9044175000001,-23.988293926123788,23.988293926123788,-5.580065278740165,447.8049077355457,1.0,0.0,1.0,clear-sky,405.9044175000001,,,
2026-06-10 07:05:00+00:00,44.63526153564453,25.900035858154297,256,38.9172029499572,1,432.6629682137785,0.0,-432.6629682137785,432.6629682137785,-100.0,450.6905918893527,1.0,0.0,1.0,clear-sky,,-0.0,,
2026-06-10 07:06:00+00:00,44.63526153564453,25.900049209594727,255,39.10108985517033,1,435.43116116909914,0.0,-435.43116116909914,435.43116116909914,-100.0,453.5741262178116,1.0,0.0,1.0,clear-sky,-0.0,,,
2026-06-10 07:09:00+00:00,44.63526153564453,25.900049209594727,255,39.10108985517033,1,443.72176721397034,0.0,-443.72176721397034,443.72176721397034,-100.0,462.21017418121914,1.0,0.0,1.0,clear-sky,,,-0.0,
2026-06-10 07:12:00+00:00,44.63524627685547,25.90005111694336,255,36.75601207195846,4,451.98807420659875,21.30165,-430.68642420659876,430.68642420659876,-95.28712122827753,470.82091063187374,1.0,0.0,1.0,clear-sky,6.07375,2.83955,5.940375,6.528795000000001
2026-06-10 07:14:00+00:00,44.63528633117676,25.900053024291992,432,37.14479537010928,1,457.4833273183514,0.0,-457.4833273183514,457.4833273183514,-100.0,476.54513262328277,1.0,0.0,1.0,clear-sky,,,-0.0,
2026-06-10 07:16:00+00:00,44.63518142700195,25.89882469177246,70,8.30303425851192,1,462.9645986252708,2901.9993550000004,2439.0347563747296,2439.0347563747296,526.829646071689,482.2547902346571,1.0,0.0,1.0,clear-sky,2901.9993550000004,,,
2026-06-10 07:17:00+00:00,44.63501739501953,25.898042678833008,99,14.374092292415785,1,465.6995945596252,485.474515,19.774920440374785,19.774920440374785,4.246282511599424,485.10374433294294,1.0,0.0,1.0,clear-sky,,439.65545,,531.29358
